"speed","origin","r=0.2","r=0.5","r=0.8"
"1",18.4131968256,0.000171006344291457,0.0138567170888729,0.00684508654448749,0.000272307358150703
"2",18.690442180096,0.000188514695909849,0.0134665095235975,0.00691004589839489,0.000297488753303553
"3",18.967687534592,0.000207119240776696,0.0130625124243848,0.00696310096765646,0.00032397169760955
"4",19.244932889088,0.000226874683233123,0.0126487659846675,0.00700550541636358,0.000351811693138988
"5",19.522178243584,0.00024783890047492,0.0122287337083548,0.00703839153772038,0.000381067336279376
"6",19.79942359808,0.000270073015141366,0.0118053831014585,0.00706278335680794,0.000411800317472103
"7",20.076668952576,0.000293641473354186,0.0113812533496942,0.00707960788885066,0.000444075428045508
"8",20.353914307072,0.000318612126723105,0.0109585124975038,0.00708970488733024,0.000477960571707458
"9",20.631159661568,0.000345056316983657,0.0105390060724899,0.00709383534284813,0.000513526778603188
"10",20.908405016064,0.000373048962020876,0.0101242986756665,0.00709268893878038,0.000550848220080407
"11",21.18565037056,0.000402668642074482,0.00971570973970712,0.00708689062824802,0.000590002222462
"12",21.462895725056,0.000433997684927647,0.00931434441533605,0.00707700646511378,0.000631069278227256
"13",21.740141079552,0.000467122248859939,0.00892112035982869,0.00706354879706703,0.000674133053059243
"14",22.017386434048,0.000502132402100524,0.0085367910568589,0.00704698090956036,0.000719280387238812
"15",22.294631788544,0.000539122197453936,0.00816196618332586,0.00702772119410579,0.000766601289861985
"16",22.57187714304,0.00057818974069046,0.00779712944881406,0.0070061469022699,0.000816188924332566
"17",22.849122497536,0.000619437251198153,0.00744265426146475,0.00698259753691955,0.000868139583539682
"18",23.126367852032,0.000662971113285437,0.00709881751617511,0.0069573779243345,0.000922552653073753
"19",23.403613206528,0.000708901916403118,0.00676581175411111,0.00693076100432315,0.000979530560766655
"20",23.680858561024,0.000757344482423469,0.0064437559041959,0.00690299037014786,0.00103917871076434
"21",23.95810391552,0.000808417877972665,0.00613270478573247,0.00687428258565523,0.00110160540025498
"22",24.235349270016,0.000862245409661991,0.00583265752526607,0.00684482930333187,0.00116692171688403
"23",24.512594624512,0.000918954599903734,0.0055435650191189,0.00681479920392864,0.00123524141479088
"24",24.789839979008,0.000978677140830233,0.00526533655490448,0.0067843397757023,0.00130668076710164
"25",25.067085333504,0.0010415488236603,0.00499784569008944,0.00675357894912799,0.00138135839261026
"26",25.344330688,0.00110770944067692,0.00474093547279719,0.00672262660106604,0.00145939505427658
"27",25.621576042496,0.00117730265679527,0.00449442307912091,0.00669157594076818,0.00154091342706789
"28",25.898821396992,0.00125047584751175,0.00425810393189878,0.00666050478873432,0.00162603783256985
"29",26.176066751488,0.00132737989983493,0.00403175535793051,0.00662947675824587,0.00171489393769712
"30",26.453312105984,0.00140816897260961,0.00381513983376156,0.00659854234837397,0.00180760841474359
"31",26.73055746048,0.00149300021245777,0.00360800786424957,0.00656773995636726,0.00190430855993079
"32",27.007802814976,0.001582033421378,0.00341010053300958,0.00653709681654289,0.00200512186754184
"33",27.285048169472,0.00167543067187043,0.0032211517593885,0.00650662987211973,0.00211017555667034
"34",27.562293523968,0.00177335586529065,0.0030408902927446,0.00647634658583006,0.00221959604757243
"35",27.839538878464,0.00187597422898768,0.00286904147142058,0.00644624569461399,0.00233350838458733
"36",28.11678423296,0.00198345174765119,0.00270532877082923,0.00641631791322889,0.00245203560259258
"37",28.394029587456,0.00209595452418783,0.00254947516245973,0.00638654659118698,0.00257529803398728
"38",28.671274941952,0.00221364806536887,0.00240120430331192,0.00635690832705969,0.0027034125532539
"39",28.948520296448,0.00233669648745013,0.00226024157323156,0.00632737354385253,0.00283649175624291
"40",29.225765650944,0.0024652616369634,0.00212631497581964,0.00629790702885357,0.00297464307145646
"41",29.50301100544,0.00259950212192633,0.00199915591698874,0.00626846844108729,0.00311796780078581
"42",29.780256359936,0.00273957224882059,0.00187849987381842,0.00623901278926078,0.00326656008738503
"43",30.057501714432,0.00288562086085526,0.00176408696509294,0.00620949088286733,0.00342050580864842
"44",30.334747068928,0.00303779007327269,0.0016556624337734,0.00617984975891022,0.0035798813926054
"45",30.611992423424,0.00319621390177673,0.00155297705064327,0.00615003308652506,0.00374475255646227
"46",30.88923777792,0.00336101678057905,0.00145578744745929,0.00611998155161072,0.00391517296651074
"47",31.166483132416,0.0035323119670778,0.00136385638712527,0.00608963322342293,0.0040911828191951
"48",31.443728486912,0.00371019983081705,0.00127695297767497,0.00605892390494222,0.00427280734379122
"49",31.720973841408,0.00389476602513496,0.00119485283619152,0.00602778746869486,0.0044600552279064
"50",31.998219195904,0.00408607954080723,0.00111733820819783,0.00599615617958266,0.00465291696786816
"51",32.2754645504,0.00428419064204049,0.00104419804751754,0.00596396100616234,0.00485136314703673
"52",32.552709904896,0.00448912868638151,0.000975228061122639,0.00593113192170739,0.00505534264615829
"53",32.829955259392,0.00470089983149324,0.000910230723047818,0.00589759819628397,0.00526478079107865
"54",33.107200613888,0.00491948463331936,0.000849015261056308,0.00586328868097644,0.00547957744446471
"55",33.384445968384,0.00514483554192643,0.000791397619384861,0.0058281320853065,0.00569960504963873
"56",33.66169132288,0.00537687430328582,0.000737200400571617,0.00579205724880275,0.00592470663621983
"57",33.938936677376,0.00561548927744385,0.000686252789077301,0.00575499340759378,0.00615469379899032
"58",34.216182031872,0.00586053268593635,0.000638390459144005,0.00571687045681623,0.00638934466326117
"59",34.493427386368,0.00611181780393254,0.000593455469094703,0.00567761920955099,0.00662840185199622
"60",34.770672740864,0.00636911611544864,0.000551296144057325,0.00563717165292292,0.00687157047206889
"61",35.04791809536,0.00663215445304496,0.000511766948898702,0.00559546120192428,0.0071185161392522
"62",35.325163449856,0.00690061214670844,0.000474728352973065,0.0055524229514466,0.00736886306387963
"63",35.602408804352,0.00717411821010978,0.000440046688125974,0.0055079939269312,0.00762219222153882
"64",35.879654158848,0.00745224859609314,0.000407594001245732,0.00546211333397405,0.00787803963565688
"65",36.156899513344,0.00773452355707957,0.000377247902519338,0.00541472280714584,0.0081358948013779
"66",36.43414486784,0.00802040515001145,0.000348891410427234,0.00536576665821216,0.0083951992826927
"67",36.711390222336,0.008309294929488,0.000322412794400014,0.00531519212386237,0.00865534551731808
"68",36.988635576832,0.00860053187679499,0.000297705415958931,0.00526294961297732,0.00891567586630159
"69",37.265880931328,0.00889339061654293,0.000274667569070793,0.00520899295338693,0.00917548194769001
"70",37.543126285824,0.00918707997653595,0.000253202320364318,0.00515327963798634,0.00943400429580036
"71",37.82037164032,0.00948074195019469,0.000233217349780082,0.00509577106999638,0.00969043238959284
"72",38.097616994816,0.00977345112426849,0.000214624792157647,0.00503643280706727,0.00994390509530847
"73",38.374862349312,0.0100642146375636,0.000197341080201967,0.00497523480383645,0.0101935115698051
"74",38.652107703808,0.0103519727388735,0.000181286789215012,0.00491215165245953,0.0104382926718294
"75",38.929353058304,0.0106356000140706,0.000166386483928245,0.0048471628205395,0.0106772429286907
"76",39.2065984128,0.0109139073532538,0.000152568567725826,0.00478025288578217,0.0109093131053604
"77",39.483843767296,0.011185644728783,0.000139765134507306,0.00471141176660594,0.011133413421795
"78",39.761089121792,0.011449504853775,0.000127911823401394,0.00464063494783104,0.0113484174621542
"79",40.038334476288,0.0117041277880134,0.000116947676508982,0.00456792370046794,0.0115531668164432
"80",40.315579830784,0.0119481065540266,0.000106814999823522,0.00449328529451636,0.011746476490827
"81",40.59282518528,0.0121799938201297,9.74592274498377e-05,0.0044167332035757,0.0119271411173239
"82",40.870070539776,0.012398309699293,8.88287892183493e-05,0.00433828729995638,0.0120939419866683
"83",41.147315894272,0.0126015507026283,8.08749817697016e-05,0.00425797403886524,0.0122456549197431
"84",41.424561248768,0.0127881998738648,7.35518431657313e-05,0.00417582663012589,0.0123810589830005
"85",41.701806603264,0.0129567381162958,6.6816031065181e-05,0.00409188519577799,0.0124989460416623
"86",41.97905195776,0.0131056567061799,6.06267044871972e-05,0.00400619691178493,0.0125981311311478
"87",42.256297312256,0.0132334709663855,5.49454091720468e-05,0.00391881613196747,0.0126774636120975
"88",42.533542666752,0.0133387350511715,4.97359665362167e-05,0.00382980449216913,0.0127358390575538
"89",42.810788021248,0.0134200577674105,4.49643662083636e-05,0.00373923099255234,0.012772211802388
"90",43.088033375744,0.0134761193294194,4.05986621232429e-05,0.00364717205582586,0.012785608065019
"91",43.36527873024,0.013505688914065,3.66088721423423e-05,0.00355371155910911,0.0127751395300477
"92",43.642524084736,0.0135076428502874,3.29668811625167e-05,0.00345894083705048,0.0127400172578466
"93",43.919769439232,0.0134809832430479,2.96463476680938e-05,0.00336295865375471,0.0126795657637284
"94",44.197014793728,0.0134248567965624,2.66226136758301e-05,0.00326587114100227,0.0125932370854723
"95",44.474260148224,0.0133385735662174,2.38726180177931e-05,0.00316779170021022,0.012480624634197
"96",44.75150550272,0.0132216253336632,2.13748129031253e-05,0.0030688408655603,0.01234147660044
"97",45.028750857216,0.0130737032662676,1.91090836960662e-05,0.00296914612571525,0.0121757086655036
"98",45.305996211712,0.0128947144915762,1.70566718450032e-05,0.00286884170158026,0.0119834157484705
"99",45.583241566208,0.0126847971909709,1.52001008945911e-05,0.00276806827760999,0.0117648825026115
"100",45.860486920704,0.012444333795878,1.3523105511492e-05,0.00266697268427257,0.0115205922622474
"101",46.1377322752,0.0121739618561215,1.20105634522652e-05,0.00256570752939188,0.0112512341333928
"102",46.414977629696,0.011874582145109,1.06484304010839e-05,0.0024644307762781,0.0109577079199178
"103",46.692222984192,0.011547363572075,9.42367760394161e-06,0.00236330526677485,0.010641126582505
"104",46.969468338688,0.0111937444892503,8.32423222539172e-06,0.00226249818762499,0.0103028159414729
"105",47.246713693184,0.0108154300131097,7.33892035350243e-06,0.00216218047889011,0.00994431135757646
"106",47.52395904768,0.010414385025185,6.45741257871378e-06,0.00206252618357143,0.00956735115815969
"107",47.801204402176,0.00999282258010322,5.67017207199475e-06,0.00196371173801331,0.00917386661999002
"108",48.078449756672,0.00955318752758243,4.96840508829038e-06,0.00186591520324339,0.00876596837562193
"109",48.355695111168,0.00909813525079466,4.34401382142951e-06,0.00176931543800545,0.00834592917698003
"110",48.632940465664,0.00863050553538909,3.78955153709291e-06,0.00167409121492494,0.00791616302789257
"111",48.91018582016,0.00815329171049846,3.29817991127297e-06,0.00158042028205844,0.00747920078603073
"112",49.187431174656,0.00766960534252042,2.86362850209629e-06,0.00148847837290366,0.00703766243233087
"113",49.464676529152,0.00718263691199709,2.48015628395399e-06,0.0013984381689424,0.0065942263112834
"114",49.741921883648,0.00669561305856187,2.14251517351886e-06,0.00131046821978309,0.00615159575514637
"115",50.019167238144,0.00621175113448244,1.84591547842637e-06,0.00122473182714291,0.00571246361680444
"116",50.29641259264,0.00573421195640321,1.58599320002351e-06,0.00114138590001224,0.00527947534454888
"117",50.573657947136,0.00526605178258284,1.35877912315486e-06,0.00106057978973971,0.00485519133483571
"118",50.850903301632,0.0048101746589218,1.16066962653699e-06,0.000982454114961326,0.00444204938855927
"119",51.128148656128,0.00436928636578074,9.88399148600667e-07,0.000907139587681256,0.00404232816927046
"120",51.405394010624,0.00394585125088252,8.39014245138766e-07,0.000834755853323189,0.00365811261231113
"121",51.68263936512,0.00354205324120107,7.09849175679086e-07,0.000765410358706664,0.00329126225400531
"122",51.959884719616,0.00315976228663841,5.98502957145959e-07,0.000699197263376307,0.00294338343879134
"123",52.237130074112,0.002800507392956,5.02817824604527e-07,0.000636196411009649,0.00261580631282627
"124",52.514375428608,0.00246545724752093,4.20859039769662e-07,0.000576472378559927,0.00230956742146206
"125",52.791620783104,0.0021554092332882,3.50895989632532e-07,0.000520073621979298,0.0020253985974647
"126",53.0688661376,0.00187078736310333,2.91384518527878e-07,0.000467031737938648,0.0017637226535134
"127",53.346111492096,0.00161164935937716,2.4095043842274e-07,0.000417360861531544,0.00152465618334767
"128",53.623356846592,0.00137770276176701,1.98374163298344e-07,0.00037105721988364,0.00130801953412406
"129",53.900602201088,0.00116832958591737,1.62576414921608e-07,0.000328098861333145,0.00111335374971772
"130",54.177847555584,0.000982618696630368,1.32604948634823e-07,0.000288445579072207,0.00093994401110426
"131",54.45509291008,0.000819404718983628,1.07622248917973e-07,0.000252039046522136,0.000786848828553437
"132",54.732338264576,0.000677312015460498,8.68941458370232e-08,0.000218803179629954,0.000652933989066186
"133",55.009583619072,0.000554802026796054,6.97793048368785e-08,0.000188644738488777,0.000536910046880506
"134",55.286828973568,0.000450222127451693,5.57195435714239e-08,0.00016145417695033,0.000437371980273256
"135",55.564074328064,0.000361854100273517,4.42309308831137e-08,0.000137106744651048,0.000352839540451615
"136",55.84131968256,0.000287960393417001,3.48956240927207e-08,0.000115463840091566,0.000281796795187009
"137",56.118565037056,0.000226826491333552,2.73544021257652e-08,9.63746071957887e-05,0.000222729431689969
"138",56.395810391552,0.000176798003339937,2.12998537509325e-08,7.96777619700378e-05,0.000174158531597859
"139",56.673055746048,0.000136311416201972,1.64701806236322e-08,6.52036262336975e-05,0.000134669745454925
"140",56.950301100544,0.000103917868361515,1.26435768162453e-08,5.27763387188694e-05,0.000102937083098352
"141",57.22754645504,7.82997333741329e-05,9.63314781861275e-09,4.22162059003073e-05,7.77408631897647e-05
"142",57.504791809536,5.8280210718375e-05,7.28233241812284e-09,3.33421437605093e-05,5.7979701715923e-05
"143",57.782037164032,4.28265059165088e-05,5.46079359883694e-09,2.59741586128499e-05,4.26767646851584e-05
"144",58.059282518528,3.10474622732251e-05,4.06074413625838e-09,1.99358022807115e-05,3.09807913384359e-05
"145",58.336527873024,2.21867201197226e-05,2.99367575452861e-09,1.50565387357945e-05,2.21626441456897e-05
"146",58.61377322752,1.56125519988389e-05,2.18745993157545e-09,1.11739481053739e-05,1.56082800243428e-05
"147",58.891018582016,1.08074266007612e-05,1.58379164797718e-09,8.13570164343331e-06,1.08108149471856e-05
"148",59.168263936512,7.34742789626179e-06,1.13594720449502e-09,5.80123842312948e-06,7.35265108358958e-06
"149",59.445509291008,4.89794824413229e-06,8.06829490485556e-10,4.04308617920136e-06,4.90268942434664e-06
"150",59.722754645504,3.19514228923526e-06,5.67274204768303e-10,2.74777439919278e-06,3.19874186813894e-06
"151",60,2.0348370877564e-06,3.94593248128784e-10,1.81631116394652e-06,2.03733680672689e-06
