"speed","origin","r=0.6","r=0.8"
"1",10.729627005384,0.00328762805838146,0.00181625420226667,0.00694777459866322
"2",11.0580961586814,0.00337533565978585,0.00192232541790987,0.00678467971361443
"3",11.3865653119788,0.00345916233751537,0.00202802568767114,0.0066272286172157
"4",11.7150344652763,0.00354046128820352,0.00213397027562308,0.00647765085883274
"5",12.0435036185737,0.00362020891756934,0.00224063381479727,0.00633710311479391
"6",12.3719727718712,0.00369910351279918,0.00234838133802753,0.00620603712987484
"7",12.7004419251686,0.00377763581650122,0.00245749105692556,0.00608444596217186
"8",13.028911078466,0.00385614004248273,0.00256817118633126,0.00597202987201132
"9",13.3573802317635,0.00393483106871913,0.00268057240078566,0.0058683084432652
"10",13.6858493850609,0.00401383173536735,0.00279479703991403,0.00577269635304749
"11",14.0143185383584,0.00409319298345736,0.00291090586228232,0.00568455437199016
"12",14.3427876916558,0.00417290876793596,0.00302892292900449,0.00560322339537453
"13",14.6712568449532,0.00425292713021902,0.00314883904610078,0.00552804681355108
"14",14.9997259982507,0.00433315843485785,0.0032706140873055,0.00545838486533939
"15",15.3281951515481,0.00441348150766477,0.003394178442985,0.00539362349262655
"16",15.6566643048456,0.00449374822296345,0.00351943378692973,0.0053331794456703
"17",15.985133458143,0.00457378695177218,0.00364625331484027,0.00527650285893144
"18",16.3136026114404,0.00465340518462086,0.00377448158206299,0.00522307814950556
"19",16.6420717647379,0.00473239157129511,0.00390393405053056,0.00517242383322325
"20",16.9705409180353,0.00481051756738811,0.00403439644374574,0.00512409167287638
"21",17.2990100713328,0.00488753883866124,0.00416562400237779,0.00507766544548614
"22",17.6274792246302,0.00496319654494618,0.00429734073033652,0.00503275952508752
"23",17.9559483779276,0.00503721860279922,0.00442923872097824,0.0049890174131446
"24",18.2844175312251,0.00510932100822354,0.00456097765442878,0.00494611030277341
"25",18.6128866845225,0.00517920928591981,0.00469218455897643,0.00490373573008407
"26",18.94135583782,0.0052465801185123,0.00482245393119825,0.00486161634241007
"27",19.2698249911174,0.00531112319713028,0.00495134831002472,0.00481949879633198
"28",19.5982941444149,0.00537252332294449,0.00507839939839557,0.00477715278636837
"29",19.9267632977123,0.00543046277731637,0.00520310982159071,0.00473437019669356
"30",20.2552324510097,0.00548462396584626,0.00532495560285962,0.00469096436233449
"31",20.5837016043072,0.00553469232871697,0.00544338942384789,0.00464676942235717
"32",20.9121707576046,0.00558035949639528,0.00555784471894763,0.00460163974513016
"33",21.2406399109021,0.00562132665621489,0.00566774062877104,0.00455544940453638
"34",21.5691090641995,0.00565730808199783,0.00577248780852973,0.00450809168577336
"35",21.8975782174969,0.00568803476618758,0.00587149505272345,0.0044594785999745
"36",22.2260473707944,0.00571325808256319,0.00596417665925515,0.00440954038817331
"37",22.5545165240918,0.00573275339813307,0.00604996041550097,0.00435822499701341
"38",22.8829856773893,0.00574632354592308,0.00612829604810743,0.00430549751097907
"39",23.2114548306867,0.00575380206667102,0.0061986639399272,0.00425133952868619
"40",23.5399239839841,0.00575505612740024,0.00626058388437211,0.00419574847383016
"41",23.8683931372816,0.00574998902877278,0.00631362362243025,0.00413873683462503
"42",24.196862290579,0.00573854222110654,0.00635740689329891,0.00408033132887835
"43",24.5253314438765,0.00572069676081659,0.00639162072813184,0.00402057199511535
"44",24.8538005971739,0.00569647415438614,0.00641602172908259,0.00395951121328167
"45",25.1822697504713,0.00566593655512078,0.0064304411029168,0.0038972126614182
"46",25.5107389037688,0.00562918629801693,0.00643478825908034,0.00383375021721959
"47",25.8392080570662,0.00558636477906258,0.00642905283421951,0.00376920681548852
"48",26.1676772103637,0.00553765070609419,0.006413305065706,0.00370367327412506
"49",26.4961463636611,0.00548325776787979,0.00638769450191961,0.00363724710241157
"50",26.8246155169585,0.00542343178540075,0.00635244710267762,0.00357003130595943
"51",27.153084670256,0.00535844742354212,0.00630786084505566,0.0035021332027838
"52",27.4815538235534,0.00528860455198092,0.00625430000410259,0.00343366326460155
"53",27.8100229768509,0.00521422435063604,0.00619218832152486,0.00336473399665201
"54",28.1384921301483,0.00513564525753611,0.00612200130620015,0.00329545886818333
"55",28.4669612834457,0.00505321885554186,0.00604425792737758,0.00322595130430272
"56",28.7954304367432,0.00496730578941101,0.00595951196472923,0.0031563237482299
"57",29.1238995900406,0.00487827179677246,0.0058683432701241,0.003086686801201
"58",29.4523687433381,0.00478648392634001,0.00577134917595514,0.0030171484454164
"59",29.7808378966355,0.00469230700486384,0.00566913625644944,0.00294781335358092
"60",30.1093070499329,0.00459610040160084,0.00556231261426172,0.00287878228680728
"61",30.4377762032304,0.00449821512614783,0.00545148082742631,0.00281015158099298
"62",30.7662453565278,0.00439899128290877,0.00533723165384913,0.00274201272027788
"63",31.0947145098253,0.00429875589373116,0.00522013855402738,0.00267445199486897
"64",31.4231836631227,0.00419782108970793,0.0051007530592078,0.00260755023939931
"65",31.7516528164201,0.00409648266404234,0.00497960098288611,0.00254138264707812
"66",32.0801219697176,0.00399501897033588,0.00485718657314786,0.00247601865418276
"67",32.408591123015,0.00389369014472852,0.00473396191011925,0.00241152188893997
"68",32.7370602763125,0.00379273762593419,0.00461036789504755,0.00234795017852108
"69",33.0655294296099,0.00369239851002173,0.00448680518077854,0.00228535560772371
"70",33.3939985829073,0.00359284791099876,0.0043636409217277,0.00222378462290631
"71",33.7224677362048,0.00349428491879124,0.0042412089820862,0.00216327817486044
"72",34.0509368895022,0.00339687632177245,0.00411981055594294,0.00210387189452965
"73",34.3794060427997,0.00330077123139353,0.00399971512593086,0.00204559629578817
"74",34.7078751960971,0.00320610175804863,0.00388116169178882,0.00198847699986202
"75",35.0363443493945,0.00311298377973115,0.00376436020611254,0.00193253497638594
"76",35.364813502692,0.0030215177799545,0.00364949316109875,0.00187778679652997
"77",35.6932826559894,0.00293178973389911,0.00353671727689003,0.00182423774082782
"78",36.0217518092869,0.00284387202426777,0.00342616524890076,0.00177191004059407
"79",36.3502209625843,0.00275782437081666,0.00331794751803894,0.00172080203368049
"80",36.6786901158817,0.00267369475990654,0.00321215403386295,0.00167091532450437
"81",37.0071592691792,0.00259152036265768,0.0031088559863399,0.00162224843795343
"82",37.3356284224766,0.00251132843234452,0.00300810748692213,0.00157479707458505
"83",37.6640975757741,0.0024331371735449,0.00290994718414429,0.00152855435824596
"84",37.9925667290715,0.00235695657721818,0.00281439980282274,0.00148351107480237
"85",38.3210358823689,0.00228278921736613,0.00272147759928129,0.0014396559009644
"86",38.6495050356664,0.00221063100620412,0.00263118172783202,0.00139697562244522
"87",38.9779741889638,0.00214043892587347,0.00254350351607336,0.00135545534092383
"88",39.3064433422613,0.00207226712405087,0.00245842564846983,0.00131507866948076
"89",39.6349124955587,0.00200606095054945,0.00237592325919379,0.00127582791634526
"90",39.9633816488561,0.00194179663922125,0.0022959649364009,0.00123768425694162
"91",40.2918508021536,0.00187944686591815,0.00221851364100903,0.00120062789434334
"92",40.620319955451,0.00181898122866297,0.00214352754371245,0.00116463820834813
"93",40.9487891087485,0.00176036668645695,0.00207096078441014,0.0011296938934658
"94",41.2772582620459,0.00170352836227288,0.00200076415852386,0.0010957730861819
"95",41.6057274153434,0.00164848657854093,0.00193288573482395,0.00106285348190662
"96",41.9341965686408,0.00159518148834063,0.00186727140943075,0.00103091244205971
"97",42.2626657219382,0.00154357316799911,0.00180373720515371,0.000999927091766818
"98",42.5911348752357,0.00149362080341238,0.0017425360854808,0.000969874408660068
"99",42.9196040285331,0.00144528293879626,0.00168344187249767,0.000940731303285202
"100",43.2480731818305,0.00139851769897666,0.00162632318321629,0.000912474691617851
"101",43.576542335128,0.00135328298723352,0.00157117344344684,0.000885081560189638
"102",43.9050114884254,0.00130953666063374,0.00151794167412462,0.000858529024313667
"103",44.2334806417229,0.00126723668470706,0.00146656965083993,0.000832794379888232
"104",44.5619497950203,0.00122634126922709,0.00141699963540194,0.000807855149242576
"105",44.8904189483177,0.00118680898675843,0.00136917454464734,0.000783689121468324
"106",45.2188881016152,0.00114859887553627,0.00132303809390551,0.000760274387664214
"107",45.5473572549126,0.00111167052814052,0.00127853491784072,0.000737589371499127
"108",45.8758264082101,0.00107598416732588,0.00123561067119,0.000715612855477448
"109",46.2042955615075,0.00104150071027156,0.00119421211171891,0.000694324003270509
"110",46.532764714805,0.00100818182241551,0.00115428716751989,0.000673702378454984
"111",46.8612338681024,0.00097598996194536,0.00111578499058915,0.000653727959979109
"112",47.1897030213998,0.000944888415925146,0.0010786559984271,0.000634381154654864
"113",47.5181721746973,0.000914841328955166,0.00104285190523078,0.000615642806956958
"114",47.8466413279947,0.000885813725176138,0.00100832574406469,0.000597494206386966
"115",48.1751104812922,0.000857771524353484,0.000975031881229465,0.000579917092643181
"116",48.5035796345896,0.000830681552709341,0.000942926023891691,0.000562893658820789
"117",48.832048787887,0.000804511549097727,0.00091196522188204,0.000546406552846181
"118",49.1605179411845,0.000779230167064582,0.000882107864440434,0.000530438877337467
"119",49.4889870944819,0.000754806973273198,0.000853313672556885,0.000514974188064227
"120",49.8174562477793,0.000731212442731981,0.000825543687456025,0.000499996491169242
"121",50.1459254010768,0.000708417951209639,0.000798760255672111,0.00048549023929689
"122",50.4743945543742,0.000686395765193501,0.000772927011096328,0.000471440326766918
"123",50.8028637076717,0.000665119029700755,0.000748008854303621,0.000457832083913604
"124",51.1313328609691,0.000644561754232053,0.000723971929431349,0.000444651270706091
"125",51.4598020142666,0.000624698797121679,0.000700783598838172,0.000431884069750147
"126",51.788271167564,0.000605505848524186,0.000678412415760208,0.000419517078768008
"127",52.1167403208614,0.000586959412248519,0.000656828095159445,0.000407537302638896
"128",52.4452094741589,0.000569036786638973,0.000636001482962525,0.000395932145078651
"129",52.7736786274563,0.000551716044684446,0.000615904523887413,0.000384689400028154
"130",53.1021477807538,0.000534976013524683,0.000596510228062865,0.00037379724281418
"131",53.4306169340512,0.000518796253506706,0.000577792636650404,0.000363244221138197
"132",53.7590860873486,0.000503157036937573,0.000559726786692298,0.00035301924594583
"133",54.0875552406461,0.000488039326663631,0.00054228867541071,0.000343111582221161
"134",54.4160243939435,0.000473424754600644,0.000525455224193659,0.000333510839748167
"135",54.744493547241,0.000459295600323841,0.000509204242499522,0.000324206963873763
"136",55.0729627005384,0.00044563476982161,0.000493514391915362,0.000315190226305837
"137",55.4014318538358,0.000432425774503328,0.000478365150594661,0.000306451215973756
"138",55.7299010071333,0.000419652710542223,0.000463736778290248,0.000297980829975454
"139",56.0583701604307,0.000407300238625916,0.000449610282186012,0.000289770264633149
"140",56.3868393137282,0.000395353564175182,0.000435967383710554,0.000281811006675197
"141",56.7153084670256,0.000383798418083264,0.000422790486496815,0.000274094824559922
"142",57.043777620323,0.000372621038017836,0.000410062645627492,0.00026661375995425
"143",57.3722467736205,0.000361808150318135,0.000397767538280534,0.000259360119377478
"144",57.7007159269179,0.00035134695251119,0.000385889435863152,0.000252326466018634
"145",58.0291850802154,0.000341225096465586,0.000374413177699486,0.000245505611735944
"146",58.3576542335128,0.000331430672185454,0.000363324146302025,0.000238890609239971
"147",58.6861233868102,0.000321952192250451,0.000352608244243254,0.000232474744467375
"148",59.0145925401077,0.000312778576893267,0.000342251872611724,0.00022625152914577
"149",59.3430616934051,0.00030389913970321,0.000332241911018157,0.000220214693550912
"150",59.6715308467026,0.000295303573939551,0.000322565699098044,0.000214358179456491
"151",60,0.000286981939433821,0.000313211019440208,0.000208676133275883
