type1,type2,DV1,DV2,MD,MDc,PET,TTC
vru,RT,7.21180053862572,0.384629362060038,0.784137517547329,0.663589864572955,0.0660000000000006,-0.431838724770501
RT,vru,0.384244874144425,7.20459139020797,0.483545900344399,1.43518016738688,0.333,-0.548127140731762
TB,vru,0.111180376575916,2.08463206079843,3.51301988891962,1.85353721198515,3.26599999999999,1.54262131159453
TB,vru,0.0584984070313689,1.09684513183817,1.5431353297294,2.7267871774938,3.80099999999999,2.28301600921379
vru,TB,0.858902210074494,0.0458081178706397,3.62936146423411,2.75985513580546,4.44666666666665,0.0262235330848825
TB,vru,0.045075769254403,0.845170673520056,2.85470662450944,2.92968644294392,4.266,3.40636753466818
TB,vru,0.0870913072175475,1.63296201032902,5.68852312075303,3.09082381358204,6.6,5.90218971635229
RB,vru,0.0817802558258757,1.53337979673517,2.99470377015614,3.70412402809026,3.445,2.36366887380848
vru,TB,0.749733401575195,0.0399857814173437,3.25772451039582,3.75580281784908,7.06700000000001,5.23853018450061
BL,vru,0.105095759440949,1.97054548951779,3.31535607814014,3.80229229449426,4.8,5.71980520053338
vru,BR,1.18812299729416,0.0633665598556886,2.72857514469226,4.10006079613104,4.27833333333335,7.15795343688399
TB,vru,0.0787491385582337,1.47654634796688,3.47344417664775,4.35036529010299,3.88833333333332,2.8602087788968
BR,vru,0.0943869717021162,1.76975571941468,5.53288076208952,4.41130840502102,6.2,8.75172675029041
vru,BR,3.43140528489359,0.183008281860991,4.03481087926281,4.44628742364462,4.00099999999999,3.30393300909953
RB,vru,0.138235633387864,2.59191812602245,2.78631432009813,4.62823471413857,2.83333333333333,2.1587614456891
TB,vru,0.102824842823135,1.92796580293378,4.10618335895066,4.63371607153745,4.16833333333331,2.92485384764039
TB,vru,0.108758648743395,2.03922466393866,4.4660165837429,4.63922120294118,2.945,4.31475774651557
RB,vru,0.0919902519373738,1.72481722382576,3.42065175382425,4.68293618357351,3.94333333333334,5.17522084438734
BR,vru,0.131400352835201,2.46375661566001,3.93726983835478,4.72664052532609,5,6.01660511881042
LR,vru,0.224634967525326,4.21190564109986,4.10277252351796,4.8537270601147,2.067,3.68646262221442
BR,vru,0.102096055149246,1.91430103404836,2.95368692043267,4.95090641700762,2.866,6.41588788095451
RT,vru,0.246860049236126,4.62862592317737,4.10292390321369,4.9548563481625,4.068,4.71172605319644
RT,vru,0.10495651128475,1.96793458658906,4.92216517832884,4.96090134869032,1.734,2.29631934619266
RT,vru,0.168147240783076,3.15276076468268,4.14656149616585,4.99200120744776,2.26700000000001,6.59772670697348
RT,vru,0.125261620011415,2.34865537521404,4.71400286653735,5.05614708914048,1.6,3.55772139165828
TB,vru,0.0734224074943906,1.37667014051982,2.84010594475239,5.06676992931973,7.55666666666668,-1.52776070220797
TB,vru,0.0462334733978904,0.866877626210444,4.70235803913097,5.07101085597227,4.83333333333333,4.72204917011879
RT,vru,0.234040824102479,4.38826545192148,4.18318535919239,5.07524498650949,2.333,7.34791255934576
TR,vru,0.139584112763036,2.61720211430692,4.92460507223038,5.20953793683304,3.44500000000001,8.90464753160729
RT,vru,0.205344905415787,3.850216976546,1.50020054828538,5.21846266807464,1.73399999999995,2.90193120848341
RT,vru,0.0253941999888853,0.476141249791599,4.52056084643935,5.22491990812766,2.067,1.96631596441732
RT,vru,0.131169747664186,2.45943276870348,5.03228876719528,5.24409918903912,1.734,2.90540284744226
RB,vru,0.174724732949527,3.27608874280363,3.97051297253219,5.25112188572913,2.46599999999999,4.15999082102262
vru,RT,3.76253229256854,0.200668388936989,5.06043011353423,5.45880160444514,3.06699999999998,4.85591323210713
RB,vru,0.161449289972069,3.0271741869763,4.6296651762786,5.47167585510562,2.6,2.87482221349045
TB,vru,0.107381243350718,2.01339831282597,3.14080101834958,5.49314449560802,5.83333333333333,-0.896778303740327
vru,TB,0.771064099178214,0.0411234186228381,5.86734884000491,5.55579222569922,7.068,6.53494382903718
vru,TB,1.69800745338691,0.0905603975139688,5.71544110853446,5.70844339806507,7.46699999999999,2.70520213172226
RT,vru,0.127202485485346,2.38504660285024,4.97348038099171,5.73942453696174,2.6,6.63833238557081
TB,vru,0.110109481119749,2.0645527709953,3.98384850139343,5.76023092991064,3.8,3.13195182208318
RT,vru,0.196371758715425,3.68197047591422,5.70946226677398,5.7957191334269,2.2,3.54862003379382
vru,TB,1.69580812949968,0.0904431002399829,1.53186066967606,5.79877568526291,2.534,5.7693585242562
RT,vru,0.100743060158861,1.88893237797864,4.56436335557264,5.85549535848907,3.468,1.79303809365337
RT,vru,0.2581361358636,4.84005254744251,4.65866366943239,5.87820406046994,2.46699999999998,2.64494631175814
RT,vru,0.0702508659964205,1.31720373743288,4.26287067966277,6.00591259359723,6.44500000000001,8.95601577168493
BR,vru,0.154043828693409,2.88832178800142,3.13844013044199,6.06593014761982,2.534,5.31658281390983
RL,vru,0.131626835326666,2.46800316237499,5.76299836279902,6.09207779843485,2.66666666666667,5.69029965351195
RB,vru,0.338810839977931,6.35270324958621,1.88792963299496,6.10775061513603,1.93300000000001,3.22066891904887
RT,vru,0.114520840452775,2.14726575848954,3.44405739998336,6.11229459834386,4.46599999999999,3.6832428652276
BR,vru,0.180012256783606,3.37522981469262,3.40500742966586,6.16726461891239,2.55666666666669,7.38486110415693
RB,vru,0.0851950117830289,1.59740647093179,5.8983625534494,6.20705248580413,3.06599999999999,2.84660920440121
RT,vru,0.0981004617699347,1.83938365818628,4.9547370411488,6.20776236633021,4.22166666666665,5.4509314801391
RT,vru,0.136592834077166,2.56111563894686,6.08854954748841,6.22736926687214,2.333,2.59766963898501
RT,vru,0.163942361196537,3.07391927243508,5.25897961087836,6.24859509503298,3.73299999999999,3.97845614550477
RB,vru,0.153580685550033,2.87963785406312,2.78629489665501,6.27863476229023,3.22333333333333,5.87767209444916
vru,BR,3.52939663869622,0.188234487397132,5.25261317871342,6.30353559819463,2.866,3.50633945021144
RT,vru,0.208521103741407,3.90977069515139,5.65283006354086,6.30694643529686,2.66700000000001,2.54330878696795
BR,vru,0.266749595992931,5.00155492486746,4.78887529919211,6.31497151621721,2.267,3.83704862739793
RT,vru,0.218690125374926,4.10043985077986,4.93207968677622,6.35226391469863,1.2,1.41031831273933
RT,vru,0.183257532662531,3.43607873742245,4.58628633557787,6.36874288812502,6.20100000000002,4.27237281433977
LR,vru,0.104052530828993,1.95098495304363,5.8783557379754,6.37460521439328,5,9.93501852448431
RT,vru,0.0871268541747705,1.63362851577695,5.82925785933211,6.37903603854425,5.47,4.01649433598166
RT,vru,0.187912491004282,3.52335920633029,5.43933412894333,6.38591909202224,3.77833333333328,4.20263636096462
BR,vru,0.197360115478106,3.70050216521449,5.47873219960301,6.40542854532863,4.2,3.6087890721943
BT,vru,0.19572449202922,3.66983422554788,3.58142847402226,6.41596332354208,3.33333333333333,5.72918490243873
RT,vru,0.0935739218507263,1.75451103470112,5.08041988038111,6.42437864654294,3,2.90036715226585
RT,vru,0.0196946343318453,0.369274393722099,5.13513478107147,6.428778866828,4.4,2.84330594669724
RT,vru,0.0949908587549227,1.7810786016548,5.57642381587162,6.46832506463589,4.53299999999999,4.43181453643193
vru,BR,4.48285703851139,0.239085708720608,4.24861844335831,6.50718345628409,2.6,5.36059218915867
LR,vru,0.274416362142196,5.14530679016617,5.10362826219728,6.51386887131542,2.6,3.76663760355763
vru,BR,3.85531073685988,0.205616572632527,4.59488875703129,6.51772842171748,2.668,4.28319217616832
vru,BR,1.07709481489681,0.0574450567944966,3.50504258065028,6.54042181464733,7.40099999999999,4.81593241429597
BR,vru,0.163824209194267,3.07170392239251,6.07559294587498,6.54242450034539,3.26699999999999,7.768727670021
vru,TR,3.94292061699954,0.210289099573309,5.98187976599023,6.56869945394195,2.534,2.73781534907933
RB,vru,0.20645800825042,3.87108765469538,2.78450875562755,6.57299607636116,2.60100000000001,2.88120585203766
vru,LR,2.11263424901582,0.112673826614177,6.16462822699497,6.57729588892929,2.6,5.05862826650315
RT,vru,0.185681014806652,3.48151902762473,4.64213674899454,6.60921680439409,3.53499999999999,4.63893413182477
BR,vru,0.178829972228224,3.35306197927921,3.73624817858495,6.63589107783123,3.4,6.58743290771842
BR,vru,0.159443424751503,2.98956421409069,5.86470119835583,6.64100368311844,3.86700000000001,3.8981017753243
RT,vru,0.0994942474237168,1.86551713919469,4.88195194567943,6.6644235429139,4.60200000000001,3.21290100572976
vru,BR,4.87772707653431,0.26014544408183,4.61154841938679,6.6685320416654,1.86700000000001,7.37905753810111
BR,vru,0.137905707069856,2.58573200755981,3.67221687040347,6.66967486843429,5,5.12011906066157
BR,vru,0.260964702403563,4.8930881700668,3.36753012299463,6.67910734437611,3.83333333333333,6.56505974884241
RB,vru,0.0886301878701742,1.66181602256577,5.49484892083075,6.68824026909729,4.5,7.85872858531216
BR,vru,0.190808946430304,3.57766774556819,5.67694858213463,6.69025878063385,2.6,8.21419001543216
BR,vru,0.230205467113828,4.31635250838428,3.84245978451977,6.71766952735863,2.53299999999999,5.8703846743378
vru,TB,1.42253607507793,0.075868590670823,7.1400442528523,6.71888049068622,6.13299999999999,3.57405978534806
vru,BR,2.37117825973117,0.126462840518996,6.435479011481,6.71978774861542,3.2,2.8087462388047
TR,vru,0.203112747461816,3.80836401490905,5.4429866671822,6.733681777423,2.46700000000001,3.911110165682
vru,BR,4.48600253254058,0.239253468402164,1.29420166798619,6.76207638338697,2.6,9.10478447895262
BR,vru,0.122924686408386,2.30483787015723,5.85518078154943,6.7635119463867,2,2.23461975285907
LR,vru,0.159722052985766,2.99478849348312,5.83177612656943,6.7704322644795,2.73300000000002,3.00510486718112
vru,BR,1.50903794895963,0.0804820239445137,6.90347325303669,6.77229305253144,3.66700000000001,2.07295497815339
vru,BR,3.93825709475416,0.210040378386889,5.77488440045689,6.79288785235437,2.93299999999999,3.07257638761557
BR,vru,0.230175884764277,4.31579783933019,6.42187609763768,6.80392698776766,3,8.73522918812529
BR,vru,0.20464609813117,3.83711433995944,5.70982255741062,6.80851931806459,3.00100000000002,7.66442519632213
BR,vru,0.0962048001797888,1.80384000337104,3.70613705868382,6.81802748203906,2.86700000000001,5.95098370032679
RT,vru,0.147714166329203,2.76964061867255,3.27011305027838,6.82096796419649,7.60999999999998,5.9874371794913
BR,vru,0.160100789665064,3.00188980621995,5.64317729553634,6.82318781652017,4.066,7.72469097970321
BR,vru,0.159253809221876,2.98600892291017,4.31534956146493,6.82903339611578,2.6,5.52894913507459
vru,BR,3.07734897393869,0.164125278610064,5.63759633858696,6.89173560809197,3.86600000000002,3.46723647796695
BR,vru,0.153820048553682,2.88412591038154,4.99043630156938,6.89750848217862,3.2,7.4926752401058
BR,vru,0.136997402086009,2.56870128911268,5.02652987409732,6.90388600407652,3.266,8.87759089902345
vru,LR,3.06202849010523,0.163308186138946,6.43254271743377,6.9040780263322,2.73399999999998,3.06869067881939
RB,vru,0.267416707050151,5.01406325719032,6.85924836559324,6.91722924432309,4.72166666666665,8.9689101170574
vru,BR,1.48893554374418,0.0794098956663562,6.1516997008877,6.91948555022578,6.38833333333334,5.80302966744792
RT,vru,0.171977032884341,3.2245693665814,5.97473289592693,6.92200231549353,5,4.10666842495166
BR,vru,0.165784951498719,3.10846784060098,5.49745783377179,6.9361691685203,2.733,7.95359507494261
BR,vru,0.129669018889395,2.43129410417615,7.87695771466694,6.94685810484378,3.066,4.80461384592137
BR,vru,0.217936721854711,4.08631353477583,4.43259117772203,6.94691286553126,3.33399999999998,4.38036921328332
BR,vru,0.181057663111481,3.39483118334027,6.06878493261113,6.95211864707026,3.86599999999999,9.04647932902086
RT,vru,0.148695743336657,2.78804518756233,5.56266353258314,6.96305775810987,7.73400000000001,3.47339312928414
BR,vru,0.152046258263906,2.85086734244824,5.98772622013445,6.97771346048279,5.4,4.15296346853238
BR,vru,0.215913311015081,4.04837458153277,5.62339170142593,6.99641493819934,3.33500000000001,4.1411870967263
BR,vru,0.192126861902291,3.60237866066796,4.49085231757557,6.99677129506508,3.6,4.30534235631755
vru,BR,4.0531667916379,0.216168895554021,5.86455261077653,7.00524332505995,2.4,2.91004939892359
LR,vru,0.207912459847787,3.898358622146,5.30920443470622,7.01675719524676,2.867,3.84417091560822
BR,vru,0.153663838659544,2.88119697486646,7.32258323046679,7.0176353593089,3.26699999999999,2.86967214315842
vru,BR,3.0528612410123,0.162819266187323,4.93493444029402,7.02490086104577,4.11166666666666,5.43193069536653
BR,vru,0.0949123115566926,1.77960584168799,5.17649422463396,7.02910053534465,4.77999999999999,9.65970056873458
BR,vru,0.0860909945839853,1.61420614844972,7.12221388305597,7.03605060935542,2.534,3.12528969442937
vru,BR,4.63774022164817,0.247346145154569,4.09320546154537,7.03854747386173,2.6,4.71036688296321
vru,BR,1.73171444137431,0.0923581035399632,4.82072548385023,7.03913891776035,4.86700000000001,4.24504643162935
vru,TR,4.28365879979201,0.228461802655574,6.540161246892,7.0486524513281,1.93299999999999,3.6150733416765
BR,vru,0.273663462183193,5.13118991593486,6.00792412049906,7.04893688034437,7.26700000000001,3.80703886288839
RT,vru,0.156815602423631,2.94029254544308,6.17410764091386,7.07084139487166,2.6,2.1001957171483
LR,vru,0.275031083692131,5.15683281922745,6.0471748312718,7.07158111833922,2.53299999999999,5.63913932013423
RT,vru,0.202921153256562,3.80477162356054,5.14257359031847,7.07566373873646,2.66700000000001,3.42240705430121
vru,BR,3.96995398487763,0.211730879193474,6.0695030764539,7.09283176748112,2.868,4.54489799410201
BR,vru,0.228227028485792,4.2792567841086,4.59507964756701,7.10603424191609,2.133,6.74677831146838
BR,vru,0.114200419059972,2.14125785737448,4.79845090419227,7.10961521102434,5,5.65413580941224
vru,BR,3.67319714434159,0.195903847698218,4.46438997572965,7.11489466970015,3.134,4.11046976772216
RT,vru,0.114797606573755,2.15245512325791,4.51521900106594,7.11508738050993,3.867,2.71990134481944
BR,vru,0.207844575960466,3.89708579925873,4.97910327325776,7.12951861651389,3.13300000000001,3.72978983868087
BR,vru,0.139547473320707,2.61651512476325,4.6727955673266,7.12964517617732,4.866,3.28836962896267
BR,vru,0.153986983788479,2.88725594603398,4.70808358664046,7.13794000077103,4.4,8.61592114146972
vru,BT,3.37509554173808,0.180005095559364,4.0743345780513,7.1544656780358,2.66700000000001,3.92069236065818
BR,vru,0.197415220097986,3.70153537683723,4.96213911480987,7.16807666192487,2.8,4.82611447359102
BR,vru,0.190897820882131,3.57933414153995,5.49919752075453,7.174465643759,3.001,9.93799343438374
TR,vru,0.215428621132422,4.03928664623291,3.97197751946131,7.18515331516089,1.734,3.16024791387375
vru,BR,3.98673167932403,0.212625689563948,4.940147931861,7.18637069209909,2.534,5.97727756828876
BR,vru,0.18415999262373,3.45299986169493,4.90768450288945,7.18988688332757,4.73400000000001,7.40550489761112
BR,vru,0.09894400889463,1.85520016677431,2.33528991330557,7.19093143674324,3.2,2.35545908411286
vru,BR,3.14973445079727,0.167985837375854,6.85245024681073,7.19369740334001,4.66666666666667,5.9798511952105
RT,vru,0.215581313859089,4.04214963485792,4.44182334848188,7.20079749698017,2.866,2.1312545006808
BR,vru,0.19810293334936,3.7144300003005,6.39953415826929,7.20540159351976,3.134,8.87086466217765
BR,vru,0.122100782556843,2.28938967294081,6.05630194486883,7.20626744505673,3.468,7.76589687149712
vru,BR,3.49178669445151,0.186228623704081,5.400414853266,7.2234598698941,4.40099999999999,4.46127039919677
BR,vru,0.227470066207639,4.26506374139323,6.09505463455985,7.22465427832827,3.00099999999999,5.42859650885506
TR,vru,0.314863159025754,5.90368423173289,6.60101184002404,7.23339160462754,5.2,5.17634202722021
vru,BR,4.74699581454253,0.253173110108935,5.98075754939318,7.23919314101661,3.13300000000002,3.21238004812125
RB,vru,0.209045771792627,3.91960822111175,3.47051248217505,7.24019417350742,2.667,2.5588249127267
BR,vru,0.236090815664046,4.42670279370086,4.92300935865042,7.25761780994267,2.53600000000003,8.28705949167539
BR,vru,0.299517243764243,5.61594832057956,5.01964904447937,7.26607067126388,2.06700000000001,4.86535745047935
BR,vru,0.207024401789616,3.8817075335553,5.46038211090319,7.26990728321137,3,3.28207714700002
BR,vru,0.0268669860818829,0.503755989035305,6.69182495427516,7.28016942816792,3.93399999999998,5.73954145869323
vru,BR,3.39924379405228,0.181293002349455,1.57810018212576,7.30182221942375,3.44333333333334,6.25865462444556
TB,vru,0.0972591828995919,1.82360967936735,6.22485634424639,7.30279922206302,2.38833333333335,4.92102475595254
BR,vru,0.241008401776333,4.51890753330624,5.05893534175383,7.30400704754831,3.60100000000001,5.91020129486453
BR,vru,0.309226411241564,5.79799521077932,4.53990845163692,7.31060294801873,2.667,6.93110165432174
BR,vru,0.17441582060868,3.27029663641274,3.82138532422437,7.34496474646849,3.55666666666669,9.90094765275674
vru,LR,4.83521405212638,0.257878082780074,2.73304279141703,7.35044428145549,1.8,6.10704053686029
vru,BR,2.86350024649386,0.152720013146339,4.28529722005648,7.35534792117283,3.78000000000002,5.83273498465535
BR,vru,0.193597961893296,3.62996178549931,5.13249527991856,7.35991769314571,2.46700000000001,4.76241408313582
RT,vru,0.17068780952792,3.2003964286485,5.82116177817169,7.36303193939578,4.067,2.57131427744667
TR,vru,0.180579283887907,3.38586157289825,6.00193184238356,7.36404593327544,2.6,3.607256115757
RT,vru,0.0862889069757113,1.61791700579459,5.42331165653458,7.36809305779269,7.53400000000001,5.26807973052834
BR,vru,0.247457739955809,4.63983262417142,4.60956596262419,7.37653386934704,2.866,6.03143995126139
RT,vru,0.221003662289709,4.14381866793204,6.33379984953913,7.38512723006106,3.533,3.7037648558862
vru,BR,4.35778485929653,0.232415192495815,3.69434878844167,7.39373817853634,2.8,4.03814018256795
TR,vru,0.233478203963226,4.37771632431049,6.42821789467774,7.39604577525568,3,2.99337229651497
vru,BR,0.268256690439882,0.0143070234901271,5.58577177189922,7.40297161561206,3.72166666666665,8.64278794898575
vru,BR,1.69181079856708,0.0902299092569112,5.73212095012918,7.4111932393207,3.73399999999998,3.26349713760905
vru,BR,1.44030175472417,0.076816093585289,7.27119306270235,7.41673677170698,2.86700000000001,3.15543184326786
vru,LR,3.21835824932618,0.171645773297396,6.48551540307004,7.42674854923862,4.6,7.12586261351702
vru,BR,2.3472285822481,0.125185524386566,5.02016296644947,7.4271871915302,5.6,3.53587348779775
BR,vru,0.215426842951802,4.03925330534629,3.9381974673027,7.43566570463682,3.266,6.79447808163143
BR,vru,0.100991349175414,1.89358779703901,6.40349590079227,7.44249152007284,5.60099999999999,5.67653046695658
vru,BR,3.62248749113515,0.193199332860541,3.19532599734099,7.44513659045757,3.53399999999998,4.3595484242564
BR,vru,0.0934656777291259,1.75248145742111,7.09912401082841,7.44530147536183,7.5,7.09885871146204
BR,vru,0.058393703134466,1.09488193377124,9.00578852831655,7.44832995836393,3.86700000000001,4.16122288739503
vru,BR,2.17895252748136,0.116210801465673,6.6396572457278,7.44866216043578,5.467,8.65574474935892
BR,vru,0.207910362104831,3.89831928946558,5.6912958965818,7.44958747779248,2.6,3.24917574514297
vru,BR,3.24329262164398,0.172975606487679,5.6930624507298,7.44960189112805,3.33500000000001,3.31666648738044
RT,vru,0.181972336417326,3.41198130782486,4.63675659824998,7.45350421505646,6.668,7.57663440664247
BR,vru,0.0562398840401578,1.05449782575296,6.70243322740704,7.45768985565956,6.16666666666667,6.29472798992607
RT,vru,0.132750827804334,2.48907802133125,3.64626267462486,7.46001924823791,5.20099999999999,4.8741687874974
vru,BR,5.19790820573391,0.277221770972475,5.52053358655792,7.46295429426228,2.8,8.4999111649524
BR,vru,0.249997533623285,4.6874537554366,5.26126968585657,7.46318622990028,2.6,3.77439665984693
BR,vru,0.137739975189993,2.58262453481237,5.56596739294782,7.48105543743118,5.89000000000002,9.95770761264875
vru,BR,3.44290794055687,0.1836217568297,5.26350305149504,7.48175818278904,2.60099999999999,3.75648999690186
RT,vru,0.156524561659649,2.93483553111841,5.87552630651079,7.48920378947904,3.86600000000002,3.4023570747016
BR,vru,0.210004756443448,3.93758918331465,4.60102716396319,7.49066726688514,3.4,3.58146833658594
vru,BR,2.8706282326119,0.153100172405968,3.98607812172822,7.49988702720417,4.94333333333334,5.27891489373109
BR,vru,0.203843979426979,3.82207461425586,4.5483534340926,7.50067813255148,2.46699999999998,5.54864903005217
BR,vru,0.171784231905041,3.22095434821952,4.02411234306552,7.5022558552174,4.33333333333333,7.70410398227195
RT,vru,0.110597634165391,2.07370564060108,7.19316716005991,7.51224987950327,2.2,3.75455729164551
BR,vru,0.349443109407911,6.55205830139833,3.28358701671663,7.52556733660964,2,5.62546316409533
BL,vru,0.181318443430717,3.39972081432594,3.74362295023429,7.52870178656854,3.39000000000001,7.56935390650289
vru,BR,3.8361084626687,0.20459245134233,5.0422719133837,7.53245319812673,3.06700000000001,3.84061409968584
BR,vru,0.131926171315688,2.47361571216915,7.32668272394828,7.54815437719448,2.33300000000002,2.89217440035469
vru,BR,3.55543357127928,0.189623123801561,5.57498704206909,7.55999833129237,2.73300000000001,2.55687064896268
vru,BR,1.47025092988701,0.0784133829273072,6.12653469215743,7.56091245858373,6.78000000000005,3.74661288674263
RT,vru,0.149935483458032,2.81129031483809,6.33024802976734,7.56104104671129,6.055,6.09373246860304
BR,vru,0.182371763392536,3.41947056361004,6.2417309487529,7.56134340068969,2.86700000000001,3.78519392007458
BR,vru,0.137116497815402,2.57093433403878,5.01970129881398,7.57321237122065,5.39000000000002,8.20957555610723
BR,vru,0.25285543921674,4.74103948531387,5.55544282061971,7.57395582506937,3.867,4.37673363430887
RT,vru,0.143727466652266,2.69488999972998,7.26938575168737,7.57485742875018,2.26700000000001,5.7830116245038
BR,vru,0.17664645515059,3.31212103407356,5.30957440957604,7.58052877982925,3.334,4.52722705090187
RT,vru,0.0870732418194534,1.63262328411475,7.23381692371018,7.5907049562226,4.33299999999999,3.32254929902749
RT,vru,0.159514595842115,2.99089867203965,5.65883276315884,7.59136342151254,3.4,5.83992853648495
vru,BR,4.19731418607318,0.22385675659057,4.97928592246431,7.59293256219784,3.2,6.24219336682361
vru,BR,2.63177937401734,0.140361566614258,3.09580120072524,7.59766004735238,5.22166666666665,8.08412906182109
BR,vru,0.196041752634624,3.6757828618992,7.96138849856037,7.59843290776197,4.99999999999998,6.03957897459645
BR,vru,0.164688943993628,3.08791769988052,6.42538964524531,7.60130189556442,3.6,5.13687084207461
vru,LR,2.10714275828837,0.112380947108713,4.68361874985642,7.60262518740256,5.61166666666668,8.78459306603697
BR,vru,0.142153435380674,2.66537691338764,5.22276705093731,7.60524268819866,5.534,5.19862383412773
BR,vru,0.24213821599356,4.54009154987926,6.22063667495266,7.61502118380424,3.2,8.18472388201233
vru,BR,5.44469496909544,0.29038373168509,5.95858948444839,7.61788751242897,3.268,2.87615709082592
vru,BR,6.38941141556392,0.340768608830076,3.0843006322333,7.61809438010808,1.4,6.26207171563885
vru,BR,2.60017849338273,0.138676186313746,8.11229671983593,7.61899262228877,2.93400000000001,4.0708941145201
vru,RL,4.41648648501246,0.235545945867331,3.82429813755196,7.62085231297623,2.134,3.62019612423681
BR,vru,0.133594630566881,2.50489932312902,4.30775193136595,7.62346071690957,4.22166666666668,9.36550030450318
BR,vru,0.1420832935223,2.66406175354312,8.20660809121138,7.63451568999781,3,5.86528532772618
BR,vru,0.2102094823123,3.94142779335562,6.92330389232302,7.64566079553096,2.93500000000001,6.97836002976515
BR,vru,0.212876947076105,3.99144275767697,6.7158854561499,7.64700445514216,3.93400000000001,4.88364668458206
BR,vru,0.0995452184348848,1.86647284565409,6.41276690022346,7.65561105556356,5.66699999999999,9.38751231614116
BR,vru,0.287435564746894,5.38941683900427,4.08775407879877,7.65668423086825,2.667,4.45564975698752
BR,vru,0.140533735548876,2.63500754154142,5.81927962419314,7.66545351010334,5.5,9.58379516689875
vru,BR,2.6346593018449,0.140515162765062,6.55202246656842,7.66736967972685,5.334,3.25563261434599
vru,BR,1.89257150135236,0.100937146738792,5.66043644348641,7.66889555114557,8.16833333333334,5.49112152219711
BR,vru,0.278416958216503,5.22031796655942,5.72721040653858,7.67057381839377,3.4,6.63920612666657
vru,BR,3.00567321383963,0.16030257140478,6.27033977376478,7.67576523748717,8.868,3.59326908570851
RT,vru,0.168169632108432,3.15318060203309,5.24892550872906,7.68168326631006,3,3.03376892641208
BR,vru,0.167712747416605,3.14461401406134,6.88602159956347,7.69548842887271,9.067,9.66567985701723
vru,BR,2.26066971485329,0.120569051458842,6.1713479153793,7.69598678943185,5.16666666666667,3.93836618264262
vru,TR,3.69509081753133,0.197071510268338,7.28042363717013,7.69768538385643,3.06699999999999,3.25462206906798
BR,vru,0.281257456639894,5.27357731199801,3.64313838488933,7.70237718832655,2.933,5.19361147897647
vru,BR,3.32253496260028,0.177201864672015,5.4430266318906,7.71549075705434,3.13400000000001,9.11636116613435
vru,BR,3.11852135298394,0.16632113882581,6.61886923536773,7.72813911636661,3.93300000000001,3.40878874987575
BR,vru,0.313804899797563,5.88384187120431,5.38998683269919,7.73188541518486,2.53400000000001,3.785125795884
vru,BR,3.02336533041991,0.161246150955729,7.89348799941862,7.73607457653336,3.66700000000001,4.12833658821858
BR,vru,0.137502063886761,2.57816369787677,6.6312956882486,7.73685605622119,9.467,4.45830997315472
BR,vru,0.100874762924119,1.89140180482724,6.5043087737225,7.74351567562322,8,3.89338073061788
BR,vru,0.293957705478659,5.51170697772485,2.67377311673804,7.75107611145445,2.6,7.07587900725414
BR,vru,0.123274276622619,2.3113926866741,6.27141316096484,7.75601901300536,3,7.79058818615157
BR,vru,0.101788882288301,1.90854154290563,7.49264773831754,7.7618270716603,4.60099999999999,4.60969913997809
BR,vru,0.159498501425365,2.99059690172559,7.60452388632597,7.76242752855507,3.2,4.97165962174655
BR,vru,0.134464052337692,2.52120098133172,8.19841809244859,7.76495671586799,2.73299999999999,3.38635884760799
BR,vru,0.021339756907326,0.400120442012363,6.55078190195332,7.77079258552633,5.668,3.07761304226331
BR,vru,0.112496965886466,2.10931811037124,7.50026754622013,7.77257529936611,3.46699999999999,5.7688617833891
vru,BR,4.05592300122578,0.216315893398708,4.76701241800685,7.77311174757654,2.66699999999999,3.04549450108114
BR,vru,0.0852987911700857,1.59935233443911,8.16381680551777,7.77430341750156,3.13400000000001,8.88495404286761
vru,BR,4.82557832275831,0.257364177213777,4.24483944005569,7.77591925436945,6.46700000000001,4.85460313039672
vru,BR,5.14367158673873,0.274329151292732,4.87036279092886,7.77644517372545,2.866,3.65566138565378
LR,vru,0.232942514526388,4.36767214736978,5.51571895165015,7.78398132303947,2.733,3.93572026019932
BR,vru,0.274771004071488,5.15195632634041,5.59448904550266,7.78489611604175,2.46700000000001,3.53561175888603
RT,vru,0.0799849829931789,1.4997184311221,5.97708492368972,7.79022656455283,9.44666666666665,6.06609482267503
BR,vru,0.175388971429315,3.28854321429965,7.29609544168857,7.79336893008907,5.20099999999999,9.79217746445618
vru,BR,1.28601274193037,0.0685873462362863,7.97625338496102,7.79609809017283,7.83333333333333,6.42799803273161
BR,vru,0.202360125642632,3.79425235579936,4.68165267585928,7.79888555413129,3.268,7.09796361529946
BR,vru,0.219093144550598,4.1079964603237,6.56835618421884,7.80561888352111,2.93300000000002,5.92176012817027
BR,vru,0.222324927531328,4.1685923912124,5.11347053269258,7.80731732002901,2.53299999999999,3.70799846021796
BR,vru,0.117119521621077,2.1959910303952,6.57274014283562,7.81981915668793,3.6,4.29126071434047
BR,vru,0.281597736028074,5.27995755052638,4.93648020500598,7.8225605574207,3.2,8.08889548867305
vru,BR,5.08997786998112,0.271465486398993,0.482356067361253,7.82319931755904,3.33299999999999,4.65304311111503
vru,BR,3.86349352646612,0.206052988078193,8.35279020322187,7.83117047971115,2.2,2.51210842624816
BR,vru,0.264433984038531,4.95813720072246,5.52864349605139,7.83351946926948,2.667,5.79699096479368
vru,BR,4.37432173660964,0.233297159285848,3.69292710847477,7.834924230246,2.334,3.29283154497589
BR,vru,0.144268572192454,2.70503572860852,5.35804492275677,7.83804309102825,6.94333333333333,7.97728190178602
BR,vru,0.40392738869954,7.57363853811638,2.96975922180279,7.86357779341498,1.4,3.04445803663344
vru,BR,3.6729546666462,0.195890915554464,1.56388062205661,7.88033906478308,3.733,4.0753687810078
vru,BR,1.84166060082021,0.0982218987104114,7.48924185256566,7.88130519774851,4.8,3.70744356700887
RB,vru,0.0660014926410732,1.23752798702012,8.10760763592817,7.88307320637862,7.88833333333335,9.20743226625873
BR,vru,0.162680076435617,3.05025143316781,6.54304900922468,7.88625125998854,4.22166666666665,4.26381758336169
RT,vru,0.125346547493858,2.35024776550984,5.8885091263251,7.91663708806544,5.05833333333333,9.42384390077632
BR,vru,0.201050245463283,3.76969210243656,5.89628149146711,7.91832862871131,3.33299999999999,3.9383917569597
vru,BR,3.62752946125551,0.193468237933627,1.22493693245058,7.93288767778306,4.16666666666667,6.19793747119255
BR,vru,0.186880253428768,3.5040047517894,6.006280912655,7.93847952855535,3.73299999999999,4.38706953937713
vru,TR,2.84668652494491,0.151823281330395,7.21992969846271,7.94708656173951,3.5,5.8507860266914
BR,vru,0.14165373166056,2.65600746863551,5.32310017324733,7.9537105671853,4.72166666666665,6.66619260668389
TR,vru,0.251993161292696,4.72487177423805,4.9892861345339,7.96050407702546,2,8.49273884938943
BR,vru,0.155082700281537,2.90780063027882,5.39999418627161,7.96390775912144,3.6,4.89121890706972
vru,BR,1.45075600774962,0.0773736537466462,6.6319925369194,7.97203842357746,5.89000000000002,6.60395759374607
BR,vru,0.174193153595847,3.26612162992214,4.79049213803774,7.9733574828268,5.06699999999999,9.08387767221895
vru,BR,6.1583690770696,0.328446350777045,6.96172222104191,7.97782078476277,2.73299999999999,3.71169380865249
BR,vru,0.160717730224861,3.01345744171614,7.45063331610602,7.9828056152628,3.00099999999999,4.73903911418923
RT,vru,0.0432795986975311,0.811492475578708,7.78704992838849,7.98319486159394,4.94666666666665,4.83184328538589
vru,BR,3.03009856478908,0.161605256788751,5.99483357408773,7.98343931153364,2.86700000000001,3.04303245368806
vru,BR,2.60453844398753,0.138908717012668,4.90783383037603,7.98710995647124,3.46700000000001,4.26673964309521
vru,BR,3.42034938906373,0.182418634083399,5.52884335808235,7.9889834246766,3.4,3.80103417340524
vru,LR,3.82394979942512,0.203943989302673,5.8187547054635,7.99157182562944,2.667,3.67929974019787
vru,BR,2.82072833871176,0.150438844731294,5.39141615054566,7.99464118765018,4.8,3.94798073004165
BR,vru,0.157077785358639,2.94520847547449,6.75221620432253,7.99484994909736,3.667,3.63932756968677
vru,BR,3.87946643305307,0.206904876429497,1.50770718022555,8.00001169014127,4.27666666666667,5.71542916302576
LR,vru,0.138240334930249,2.59200627994217,7.11637874289999,8.00318292322786,3.93399999999998,2.51134257377752
BR,vru,0.0999232090690188,1.8735601700441,6.52460012739871,8.01010857433383,5.11333333333338,8.9142562843335
vru,BR,2.89097170918948,0.154185157823439,6.09809986409878,8.02422156597056,2.8,3.13147368204418
RT,vru,0.116657888451532,2.18733540846622,7.51705082343381,8.02604843905117,4.26600000000002,3.74304050484114
BR,vru,0.261163830451582,4.89682182096716,3.9459722025219,8.02755092035481,2.93299999999999,4.5604159329382
vru,BR,1.76984587814605,0.0943917801677892,4.55494633810243,8.03650449570532,4.00166666666664,4.92097015892816
vru,BR,1.85102960312583,0.0987215788333776,4.80284876401923,8.04402476682651,5.05666666666666,4.72974402703789
BR,vru,0.235939419904401,4.42386412320753,5.68800041084853,8.04712314770002,2.33399999999998,5.57208324773191
RT,vru,0.0113489113377021,0.212792087581914,6.96697345900985,8.04978432170253,5.11166666666666,6.89350872679892
vru,BR,4.62877951409931,0.246868240751963,4.73409234047985,8.04979218323892,2.2,4.98994595560519
TB,vru,0.224432528189494,4.20810990355302,3.75955963682581,8.05746823848666,2.60099999999999,5.01012258261883
vru,BR,4.48749696661405,0.239333171552749,3.58905253669924,8.06991152284584,2.2,3.04285085829362
BR,vru,0.185707828693786,3.48202178800849,5.97093227044275,8.07447616104945,2.6,5.18404325142695
vru,TR,5.22001730564698,0.278400922967839,3.6253650968623,8.07885646811214,2.001,2.81446794507725
BR,vru,0.251100019087078,4.70812535788272,5.05161783215961,8.09593418724975,3.46700000000001,5.48790686821632
BR,vru,0.170355422236708,3.19416416693827,5.4125929496978,8.09806137510844,2.867,8.06154146688081
vru,BR,5.02750653244835,0.268133681730579,3.96740807807884,8.10805806811799,2.8,4.31352619562194
vru,BR,0.967313256556794,0.0515900403496957,5.68102102356726,8.12033737747588,9,5.80315418089257
vru,BR,4.99002166701236,0.266134488907326,6.18906101251913,8.13642526483433,2.601,2.42098397801146
vru,BR,3.07946204326002,0.164237975640535,6.17913022792584,8.13905745216087,2.66700000000001,2.92713782271968
vru,BR,4.63883955458161,0.247404776244353,2.42791843423004,8.14250948405848,4.734,3.54425620983871
vru,BR,3.49286042053257,0.186285889095071,5.55743705573802,8.15485185236727,2.8,8.81388702434563
RL,vru,0.193922605358662,3.63604885047491,4.51539022448147,8.16011164732923,3.33299999999999,6.37790140088943
BR,vru,0.157805622066147,2.95885541374026,6.67183788547577,8.16149283803236,3.734,4.64418358542198
BR,vru,0.224945122509806,4.21772104705887,6.52554370648329,8.1648971515804,3.067,6.10690181488212
vru,BR,2.8613197955583,0.152603722429776,6.1837782254078,8.16778555793213,3.266,3.89447762021234
vru,BR,4.12056932414656,0.219763697287816,3.23249983875026,8.17299477127491,3.20099999999999,4.42435516496055
vru,BR,1.96604244260604,0.104855596938989,7.08240957314718,8.17302010327368,5.334,4.23731686911383
RB,vru,0.22992328648142,4.31106162152663,4.76371339874775,8.17828293418287,1.933,4.36665611058561
BR,vru,0.151836717827852,2.84693845927223,7.56014367358175,8.18058493159565,5.13400000000001,4.2907074835369
RT,vru,0.186597184399817,3.49869720749657,6.24955415682077,8.18477317274909,4.268,3.00470978542179
vru,BR,4.1500688263776,0.221337004073472,5.22977174838269,8.18522557641976,2.8,3.48701260035138
RB,vru,0.224018517078812,4.20034719522772,3.17007308261125,8.19187603484373,2.8,5.49759777340942
BR,vru,0.170695268364546,3.20053628183523,6.60360094169822,8.19726275600411,4.734,3.52487262110406
BR,vru,0.227070784945221,4.25757721772289,4.86344712909733,8.20270036565265,3.26699999999999,6.59252580188317
BR,vru,0.131573967973628,2.46701189950552,6.66480562974584,8.20335396110572,6.867,3.52742767491859
BR,vru,0.104139756727219,1.95262043863536,8.34676134478678,8.20731153056046,2.26700000000001,4.89141035128475
vru,BR,2.88455754923132,0.153843069292337,5.87166787833512,8.20957774230374,4.934,3.87438766694049
vru,BR,4.30536047849352,0.229619225519654,4.33550904139423,8.20994161731286,2.6,9.6881876339018
BR,vru,0.155446387845613,2.91461977210525,6.66785560575151,8.21253360242393,4.66700000000001,8.08995691830234
vru,BR,2.34519024526939,0.125076813081034,7.5625725494544,8.22166455980294,5.11000000000001,4.69847026302127
BR,vru,0.332704482666825,6.23820905000298,6.99888212229179,8.23362692103604,4.535,4.38187098014299
BR,vru,0.137680439538836,2.58150824135318,5.10422372997899,8.23992039001835,7.27999999999999,8.18105646722003
BR,vru,0.249731936949782,4.68247381780842,6.07685454677084,8.24822253237961,2.6,7.08991456245642
BR,vru,0.324460423827408,6.08363294676391,6.36745621698449,8.25677244415999,2.93399999999998,7.49214572443546
vru,BR,3.15688383687793,0.168367137966823,5.65749441832442,8.27082801003167,6.94500000000001,7.23671383978019
BR,vru,0.253395206406754,4.75116012012664,5.53960928940312,8.27193694658367,2.334,8.50222558983216
BR,vru,0.248816967050927,4.66531813220488,5.37550749740434,8.28075985331902,2.73300000000001,4.14119007126697
BR,vru,0.153036740867972,2.86943889127448,6.98288040177461,8.28383778378834,5.60000000000001,7.13472598638069
BR,vru,0.197317392024464,3.6997011004587,4.5367703246285,8.28480762093809,3.77833333333335,6.99667611796892
BR,vru,0.056594704422862,1.06115070792866,6.3669867482723,8.2855665924412,6.93500000000001,4.52048438397353
vru,BR,2.01078089267841,0.107241647609515,7.39110364332746,8.2938434299774,4.16833333333331,5.42551152039817
BR,vru,0.151215249094207,2.83528592051638,5.59280770417839,8.29404867217184,4.61166666666667,4.94377316984584
BR,vru,0.213229173531426,3.99804700371424,5.99326944772414,8.29929471975004,5.867,3.89857685281819
vru,BR,4.46578652839079,0.238175281514175,3.0711372875463,8.30365091922502,2.8,7.32304576707678
BR,vru,0.160601079398437,3.0112702387207,7.01885572171036,8.31557113329757,6.46800000000003,4.88432755769009
RT,vru,0.196656013528667,3.68730025366251,5.43747749400073,8.31880140215275,3,4.59855824569565
vru,BR,1.66959095222665,0.0890448507854212,3.79296535794138,8.32067142402153,8.73299999999999,4.3162455441164
RT,vru,0.221313987672276,4.14963726885518,6.62062869264048,8.32129198312879,3.66700000000001,3.96564518419624
BR,vru,0.252765568875895,4.73935441642304,5.296128574974,8.32491429056241,3.53300000000002,5.69755272088818
BR,vru,0.233227305449035,4.3730119771694,6.10349545265214,8.33113216688127,2.667,6.99053374763065
BR,vru,0.254834198384704,4.77814121971321,7.72698836018431,8.3382334967568,3.33300000000001,4.68653133733394
vru,BR,5.66950118720521,0.302373396650944,5.18546480296542,8.33930605240294,6.33299999999999,4.88049465152597
vru,BR,4.99553549609124,0.266428559791533,5.3304505125604,8.3407485691707,2.46600000000002,5.86605744847412
vru,BR,5.37671993098519,0.28675839631921,2.76242176236673,8.34139729948103,3.601,4.32707390575629
BR,vru,0.294308515821672,5.51828467165634,5.68873122744523,8.3467002692505,2.8,5.82858753135199
BR,vru,0.119980234214298,2.24962939151808,7.10417591809136,8.35173221581787,5.06700000000001,3.64265832398139
BR,vru,0.306374738477399,5.74452634645124,5.65504454810918,8.36298816589835,3.134,3.613269921384
vru,BR,4.76879217672021,0.254335582758411,5.92569686151562,8.38028555670409,2.66699999999998,2.98365694610856
BR,vru,0.200939319342708,3.76761223767578,6.48590698973024,8.38544248454506,3.33300000000001,6.2511416599262
BR,vru,0.184358008259559,3.45671265486674,7.69676458155237,8.38676044243645,3.866,6.69913068595835
BR,vru,0.113445593416837,2.12710487656569,6.09763349853344,8.39277697837521,6.66700000000001,7.07161156557456
BR,vru,0.226943329338614,4.25518742509902,4.78680979186264,8.41165110236033,3.13299999999999,6.53724253826681
vru,BR,5.45434198213316,0.290898239047102,5.06037123905878,8.42195946691835,2.4,2.90381700810851
LR,vru,0.15574761387317,2.92026776012194,7.52544062142726,8.42471766065244,4.866,7.92966130442157
vru,BR,3.88000157939626,0.2069334175678,6.47188555479614,8.43383043018397,3.46699999999999,5.26715611188286
BR,vru,0.223400315573106,4.18875591699574,6.3677081333671,8.43841778174263,3.00099999999999,8.45608188647245
BR,vru,0.133731586876787,2.50746725393975,6.82847741966454,8.45482537618545,5.83499999999998,7.83796928722581
BR,vru,0.227271097937802,4.26133308633379,5.51005104199369,8.45583396337123,6.83333333333333,8.67789151852961
vru,BR,2.1101648370119,0.112542124640635,6.15033507230147,8.46555931072368,6.16666666666667,6.76066713688575
BR,vru,0.17049322009106,3.19674787670737,8.39507584924635,8.47523467166959,5.53400000000001,3.83966272321576
BR,vru,0.241042646249352,4.51954961717535,5.56061985105518,8.47549303919265,4.467,8.51856017820726
BR,vru,0.237523731875899,4.4535699726731,6.11118267674524,8.47860471857803,2.667,3.93593347980435
vru,BR,3.52407897547154,0.187950878691815,6.45572603351907,8.4818842508726,5.13299999999999,4.18078337641006
TR,vru,0.256800889080334,4.81501667025626,7.36762294586034,8.48270123961717,2.4,3.42203147633299
vru,BR,2.63089257896396,0.140314270878078,7.03224803535222,8.48773242861925,2.8,3.79626561289453
BR,vru,0.244297134638278,4.58057127446771,4.48922884093368,8.48981737674163,3.46700000000001,2.95388932760431
BR,vru,0.183122183591449,3.43354094233967,5.82956677018817,8.49572083189414,3,4.97695882298563
vru,BR,5.7724425808685,0.307863604312987,4.60516202448122,8.50314247132186,2.26700000000001,3.08677079783762
RT,vru,0.103599743125626,1.9424951836055,5.95881337378903,8.50727046899555,8.936,2.7400093219767
RT,vru,0.113965166921477,2.13684687977769,4.83651261594878,8.51083131503454,5.26699999999998,4.0485807125802
vru,BR,4.49386067547939,0.239672569358901,3.48672444187332,8.5177752562044,3.135,3.54765489805643
vru,BR,1.83121776697187,0.0976649475718329,6.4888863897779,8.5225709956119,6.4,3.95158410881344
vru,BR,2.42317896478381,0.129236211455136,7.63650766820055,8.52467536965674,2.4,2.44572086826555
vru,BR,3.49157096288694,0.186217118020637,4.70930327026403,8.53983171452636,2.73399999999998,2.79425666167133
BR,vru,0.17239961959359,3.23249286737982,4.57147529002005,8.5401321379954,3.72333333333333,6.30190264455906
BR,vru,0.226029835981709,4.23805942465705,5.32794206706683,8.55751828071984,9.46800000000003,5.01955321785268
vru,BR,1.42872581736272,0.076198710259345,8.75916912622397,8.55799511976631,5,4.66497916139132
vru,BR,1.77822633526608,0.0948387378808576,9.29438736565901,8.55956688229021,5.27833333333333,8.20727897015796
vru,BR,3.42182116664329,0.182497128887642,6.81486757199567,8.56111820411083,2.93299999999999,3.84584433887968
RT,vru,0.224930118967618,4.21743973064283,3.97042240543431,8.5676356514405,2.8,2.97021179379144
vru,BR,4.84269599528195,0.258277119748371,3.23263035385316,8.57306871701039,3.067,3.37770191084476
vru,BR,1.98583152959119,0.10591101491153,2.83169315680108,8.5823620623447,7.53299999999999,4.71242232999014
BR,vru,0.308366014198755,5.78186276622666,4.91775977649618,8.58552594047945,3.13300000000002,6.89397080949757
BR,vru,0.151808745954379,2.84641398664461,7.81714443261198,8.59199070099172,2.534,4.7159187427821
LR,vru,0.299663897070547,5.61869807007275,6.47492299527885,8.60565773653232,3.00100000000001,4.12421743798151
BR,vru,0.169109742837633,3.17080767820562,7.85456859881978,8.60675890748617,2.53400000000001,4.52045183543583
vru,BR,3.81678533533084,0.203561884550978,2.16750230501182,8.61562547705602,5.46700000000001,3.86463774659263
vru,BR,3.54739416091477,0.189194355248788,6.91879070801772,8.61843854333446,2.73299999999999,3.85051322488754
vru,BR,1.7153569718018,0.0914857051627625,9.17011279100774,8.63089443850496,3,2.38656663747636
BR,vru,0.110340864528212,2.06889120990398,8.17556123880014,8.64161745278414,2.8,3.00186252225931
vru,BR,0.399895585137239,0.0213277645406528,7.15851619510474,8.64246423632042,3.066,4.68682748141801
vru,BR,4.2484477024872,0.226583877465984,3.66599959560419,8.64675618180984,3.20099999999999,3.97073405406855
BR,vru,0.22793145991443,4.27371487339556,7.06642381953121,8.65171358667637,4.201,7.56419299102081
LR,vru,0.0857404427490107,1.60763330154395,8.05197159480787,8.65641691118381,6.05666666666668,6.82451495427372
vru,BR,2.22718907132142,0.118783417137143,4.679986209476,8.66406754860784,4.66666666666667,7.2955504119522
BR,vru,0.162865881839703,3.05373528449444,5.84313019734598,8.66597735873608,5.67000000000001,6.6310244902912
vru,BR,3.6166219703247,0.192886505083984,7.30771038159256,8.67209110766604,2.66700000000001,2.8931705670473
RT,vru,0.111446344576621,2.08961896081164,7.15773936488694,8.67472158196419,6.53400000000001,3.15076333910065
BR,vru,0.136523318072694,2.55981221386301,5.74844836004335,8.68592886521562,3.33499999999999,8.29729163821002
vru,BR,3.28314017396435,0.175100809278099,6.1163971900125,8.68629296844055,2.734,3.99700809476007
vru,BR,5.19876740469303,0.277267594916962,7.48882138314483,8.7090537586354,9.067,4.79116684666168
BR,vru,0.0813064723035908,1.52449635569233,6.60684507473116,8.71098935500975,7.05666666666663,7.66225101201735
BR,vru,0.217253511074519,4.07350333264723,6.50725254714588,8.71782998387509,3.06699999999998,9.35932484702642
BR,vru,0.153855340051828,2.88478762597178,8.49973870587019,8.72065290643506,2.73299999999999,3.4040206853064
BR,vru,0.0894983186925973,1.6780934754862,7.1627642696136,8.72255609364156,5.055,7.20495500832818
vru,BR,5.42323560132735,0.289239232070792,2.63443998420977,8.72352512276613,3.06599999999999,3.41737653640161
BR,vru,0.202839406564167,3.80323887307814,6.96309751958826,8.7237160429638,2.667,3.96418168008589
vru,BR,1.79865640259281,0.0959283414716167,6.64633518572688,8.73673973146072,6.20100000000002,3.44946733933092
BR,vru,0.0854047467760905,1.6013390020517,7.75285337116396,8.74210576261893,3.26599999999999,3.25948511269881
BR,vru,0.0567525723375096,1.06411073132831,7.55747119305847,8.75035316645447,2.20100000000001,4.35485337819299
vru,BR,2.00909164185926,0.107151554232494,7.57128775916584,8.75885728292648,5.83500000000001,5.80468354908022
RT,vru,0.0223616674975591,0.419281265579234,6.51346984363071,8.75973823323552,9.86800000000003,3.62956826078504
vru,BR,3.56052482189068,0.189894657167503,6.10726397596999,8.76110989225737,4.50166666666666,6.54387295848729
vru,BR,3.15655618956502,0.168349663443468,8.31945602373131,8.76277104484979,4.267,3.99630950108783
RT,vru,0.250761738119196,4.70178258973493,3.24726455806428,8.76529601541481,2.53400000000001,2.99978069289134
RB,vru,0.125874187993534,2.36014102487875,4.9422867203765,8.77334769594239,5.39,5.49257672785996
BR,vru,0.245597426811972,4.60495175272448,6.64894496201875,8.77563097307972,3.26599999999999,3.70596070778892
vru,BR,4.32774889648144,0.23081327447901,8.39411373443377,8.77994231569485,4.6,4.16822791051339
BR,vru,0.067758927261588,1.27047988615477,8.76694340459032,8.78044165306682,5.55500000000005,7.86894688107283
vru,BR,4.88885230585196,0.260738789645438,7.41240434233419,8.78460887637534,2.73299999999999,2.7910976806509
BR,vru,0.191175753387548,3.58454537601652,7.23817923177433,8.78940642063344,3.66700000000001,4.88626417427838
BR,vru,0.138260548424409,2.59238528295766,3.63999308867231,8.79388113506502,4.05499999999999,5.35889125351135
BR,vru,0.161313963168745,3.02463680941396,5.34074392027812,8.80664860880962,5.066,6.4373956944268
vru,BR,4.55520443127715,0.242944236334781,6.78123696477613,8.82719057774267,2.66699999999998,3.58671313407267
BR,vru,0.256420836187813,4.8078906785215,2.53300201093205,8.82851723902709,2.4,4.26215102413828
BR,vru,0.227111262189357,4.25833616605045,5.86843435012894,8.82994738304138,3.533,3.40516154451667
BR,vru,0.181561136571746,3.40427131072024,5.74411128783846,8.83087772839135,2.934,5.23762864491492
BR,vru,0.0922187887973934,1.72910228995113,8.0898159707593,8.83289207622397,4.4,6.01461633471164
BR,vru,0.237506238011213,4.45324196271025,4.5097538552359,8.83588529987962,2.93299999999999,3.09809603810551
LR,vru,0.306884925317074,5.75409234969514,6.00916025576119,8.83859404204807,3.06700000000001,4.6096524897073
vru,LR,3.23200036387405,0.172373352739949,5.48817864918361,8.83996072575402,3.26700000000001,5.77402628000029
BR,vru,0.118647645445937,2.22464335211132,8.01796743939327,8.84529038176116,5.555,9.68320745615084
vru,BR,2.91426147506228,0.155427278669988,7.79499093199166,8.84942551608481,4.933,4.37027487106497
BR,vru,0.105675495667793,1.98141554377112,5.0706057564631,8.87262852443925,3.666,9.7784115483286
vru,BR,1.38861327304325,0.0740593745623069,8.42593150657506,8.87367350432748,5.93500000000001,3.42936346357608
BR,vru,0.145984213376912,2.7372040008171,7.46221871224367,8.87549054258851,8.8,6.33258381393862
RB,vru,0.166431556811956,3.12059169022418,3.80967517049107,8.87946776020526,3.94500000000001,5.19815307669634
vru,BR,1.99354213186364,0.106322247032727,8.27587711267445,8.88456144421029,3.00099999999999,4.13273218641135
BR,vru,0.264762191917626,4.96429109845548,6.06505230080484,8.88606770758269,2.6,4.48662854354787
RT,vru,0.10687420423914,2.00389132948387,6.02040454032622,8.88891466369082,7.667,3.84863260616633
BR,vru,0.0850521795175336,1.59472836595375,8.61099832882875,8.89801237692774,6.334,4.72389183833682
vru,BR,1.90021614034064,0.101344860818168,9.73385594153453,8.91550780528248,7.10999999999998,7.53207806568923
vru,BR,4.01558054563968,0.214164295767449,2.9954179015217,8.91753258090869,3.6,3.37770191084476
vru,BR,1.83909841993671,0.0980852490632913,7.09310653416766,8.91842569884057,5.268,3.72586570373888
BR,vru,0.261558274054706,4.90421763852575,5.13858581251603,8.91980226046781,2.933,5.060434966057
BR,vru,0.207287000113437,3.88663125212693,3.44155538220718,8.92104046957318,3.72166666666672,7.91083649605413
vru,BR,1.97785849222369,0.10548578625193,9.22719900997953,8.92825306536842,3.33500000000001,2.72263771023178
RB,vru,0.22813209498859,4.27747678103605,8.78886357401092,8.93174575199055,2.26599999999999,3.72322898666642
vru,BR,3.31927477173292,0.177027987825756,4.82689953298555,8.93246620981372,4.00099999999999,5.55471642577635
BR,vru,0.166267829311723,3.11752179959481,4.82928595128866,8.93533173775921,4,6.34796939475597
BR,vru,0.255447445254465,4.78963959852123,8.27338520631704,8.93601386629772,3.066,4.30071153842148
vru,BR,2.75598917626253,0.146986089400668,5.59595834693706,8.93906132033345,3,6.14316041826784
vru,BR,1.32114032464111,0.0704608173141925,8.2375678999855,8.9398836378005,4.93299999999999,3.92378792738831
BR,vru,0.221447861527681,4.15214740364402,6.71987407405908,8.94258231215709,3.2,5.68544905953427
vru,BR,3.98189355375423,0.212367656200226,4.3675932442664,8.94771130767333,2.6,6.46809695681346
vru,BR,6.43568596430336,0.343236584762846,4.79103644797704,8.96503458542144,2.466,3.87101688864155
BR,vru,0.145522299867346,2.72854312251274,6.47972003651922,8.97469333991623,6.38833333333332,8.03582031813417
BR,vru,0.0639202938570288,1.19850550981929,7.85038937774278,8.98660550697741,2.334,4.1221423835592
vru,TR,2.42438237884481,0.12930039353839,7.26884815550367,8.99342421640659,4.77833333333335,6.45028275102832
vru,BR,1.38488778332709,0.0738606817774451,8.36231817352417,8.99653837614427,9.33299999999999,4.38204724879111
BR,vru,0.245917492234979,4.61095297940586,8.39458313881577,8.99841152829363,2.8,4.95365163886406
BR,vru,0.238069257418933,4.463798576605,7.74950704517291,9.00209462625618,5.068,3.89288283374805
vru,BR,4.23350119826057,0.225786730573897,4.98757094332226,9.0164906470062,2.6,3.81451444448672
vru,BR,3.6085891439588,0.192458087677802,6.52990681480771,9.01722209989143,3.26700000000001,4.53872973565213
BR,vru,0.220490864522608,4.13420370979889,7.54217226145983,9.02085665704213,8.066,6.49357517752956
vru,BR,2.0930802792274,0.111630948225461,9.01766384354662,9.03789628832329,7.00099999999999,4.84198817934489
LR,vru,0.172382825987458,3.23217798726484,8.05459579141054,9.05975429172133,3.267,4.64757872664382
vru,BR,5.30666868905738,0.283022330083061,5.29057158941869,9.06304198593835,3.13399999999998,3.19375730842492
BR,vru,0.0445237487453275,0.83482028897489,5.32307089725683,9.0704030730394,9.80099999999999,4.62394028451329
BR,vru,0.0764646046801931,1.43371133775362,8.94366234473715,9.07573790299096,6.16666666666664,5.16070490203633
BR,vru,0.179527001031678,3.36613126934396,6.14708820787974,9.08605808893637,3.53300000000002,7.26281885007888
vru,BR,5.56817954413702,0.296969575687308,5.48155428358911,9.0901775494653,2.46699999999999,7.4823643946212
vru,BR,2.17144058589859,0.115810164581258,5.86509075139827,9.09311385500159,5.27666666666664,6.37249229427266
vru,BR,3.37245162007585,0.179864086404045,5.43554545576781,9.11299946691529,5.06700000000001,6.09882995373737
RT,vru,0.242365265807076,4.54434873388268,6.27364295263299,9.11577321440176,4.22166666666667,5.16935047405144
BR,vru,0.267303324120963,5.01193732726806,5.32305836555118,9.12475690797077,2.933,5.49665679220944
BR,vru,0.223216720054575,4.18531350102329,5.85522915150529,9.13367399163834,2.8,3.54467683263672
vru,BR,2.3308015610043,0.124309416586896,8.85191794746697,9.13379046128443,2.73399999999998,3.2740367714123
vru,BR,3.30042352013847,0.176022587740718,6.27929345878987,9.15785330770355,3.868,3.51412263893348
BR,vru,0.0881967168526246,1.65368844098671,7.47652438751403,9.16068885502457,3.8,4.02381286558476
RT,vru,0.171278222429847,3.21146667055962,5.91085923254648,9.17064752380654,3.534,4.75092909533725
vru,BR,2.49937817884522,0.133300169538412,7.13200781508836,9.17072741774921,5.22166666666665,5.44738926047772
vru,BR,4.41945097671802,0.235704052091628,5.75605601159544,9.1720783796199,2.4,4.28159931036423
BR,vru,0.25682271920483,4.81542598509056,6.3673085926077,9.18309576881246,3.13299999999999,2.97547679140799
RB,vru,0.113233865130655,2.12313497119979,7.86438620456645,9.18450728209299,7.55500000000002,7.52372771244691
vru,BR,5.31658658687292,0.283551284633222,3.37656682417779,9.18860172693239,3.533,4.57465999513697
BR,vru,0.191456462964868,3.58980868059127,7.15683399976003,9.19698673951588,2.33299999999999,6.65059861634474
vru,BR,2.76555642934437,0.147496342898366,7.14508021143505,9.20675506081431,6.73300000000001,4.28853623204822
vru,BR,4.33786300346802,0.231352693518294,6.49043138895287,9.21344340210972,2.6,3.58720128092358
vru,BR,3.60312917972525,0.192166889585347,8.4772393823961,9.21725835340689,3.26599999999999,3.09387895684103
vru,BR,2.02364877047674,0.107927934425426,8.01289978610425,9.21939904278237,7.467,5.06011582648536
BR,vru,0.271311576097203,5.08709205182256,8.50099669599832,9.22874297288896,4.734,6.15139752138983
BR,vru,0.192825741954267,3.6154826616425,7.36839268422491,9.23486522876764,4.33500000000001,9.2879654795224
vru,BR,3.52343545224056,0.18791655745283,4.73148971943972,9.24703906660054,3.401,4.65728748222517
vru,BR,5.55055356891479,0.296029523675455,4.95624127305921,9.25187606001169,2.93399999999998,6.54023298036009
RT,vru,0.217513144033268,4.07837145062377,3.43147877886428,9.25483113817389,2.8,4.38264827055735
BR,vru,0.0301152961124479,0.564661802108399,4.79941100352536,9.26108275780712,7.80099999999999,4.28832148613761
BR,vru,0.287901882148827,5.39816029029051,5.673994278902,9.26702180807337,3.2,6.14296322320224
vru,BR,5.14654197002557,0.274482238401364,5.2123713235497,9.27990171235266,2.66599999999999,4.63191108280236
BR,vru,0.211430067743761,3.96431377019552,7.14553352694721,9.28200541885238,2.93499999999999,3.95294192322403
RT,vru,0.278109378355085,5.21455084415784,6.74597532145298,9.28742551546599,7.33299999999999,4.12196701515516
vru,BR,4.29577932883906,0.229108230871416,6.53811174096531,9.30668661307473,3.66666666666667,6.42231833622106
vru,BR,1.19591505325603,0.0637821361736547,6.7218243079222,9.30698786672811,7.94500000000001,5.99809433545102
RT,vru,0.108980822013862,2.04339041275991,6.99640605343948,9.30791846761369,3.335,4.68965455163259
vru,BR,4.44218182302565,0.236916363894701,5.47728410307007,9.30957243794686,2.40100000000002,3.52431488263899
BR,vru,0.219710293953883,4.11956801163531,8.62814943767327,9.31431689159915,4.466,5.58593797021032
vru,BR,2.23241151852479,0.119061947654656,8.57516491711896,9.32013005226982,7.268,5.54096198408275
vru,BR,1.77400364102295,0.0946135275212238,5.65970312163596,9.32504983598712,9.6,4.33566307732533
vru,BR,3.68112726942596,0.196326787702718,6.99326018143111,9.33772348514823,2.6,6.14844308853049
BR,vru,0.121284320910668,2.27408101707503,9.20153630462962,9.34098837730143,2.6,5.63529823269459
BR,vru,0.0297030513085331,0.556932212034996,8.11279146779906,9.34739196857009,2.134,3.84915248933163
RT,vru,0.207050387166684,3.88219475937532,4.18857584050856,9.35280923399736,3.06600000000002,2.47359631752948
BR,vru,0.215882437787098,4.04779570850808,6.8291638713678,9.35652418230176,3.468,5.215713790461
vru,BR,1.52235024997263,0.0811920133318736,10.2034776260012,9.35810136197689,6.40099999999999,9.60345321852409
vru,BR,5.16868024431766,0.275662946363609,1.57198944585132,9.36658782710627,3.40099999999999,6.57840977810515
vru,BR,4.79473332401632,0.255719110614204,5.25302660447873,9.37180832608846,2.734,8.35994216178287
vru,BR,5.50588705608696,0.293647309657971,4.27451119687838,9.37502603610904,2.53399999999998,6.82798063787105
vru,BR,4.35834678306493,0.232445161763463,7.36943296655916,9.37743578819562,4.6,3.30996724102065
vru,BR,4.1882898913188,0.223375460870336,4.00668700263302,9.38322639645511,2.86700000000001,3.3660203857723
BR,vru,0.176819210108993,3.31536018954362,7.40436201944337,9.38712275097642,3.268,6.33220845216873
vru,BR,1.4156553440027,0.0755016183468107,8.04096113848703,9.39119025882256,8.73500000000001,5.33935635883384
vru,LR,2.74280118286608,0.146282729752858,7.43637626888584,9.39794221338942,4.66666666666667,4.18769512875179
vru,BR,4.29824564489552,0.229239767727761,8.93820030685446,9.40170392433331,2.534,2.99329302498754
BR,vru,0.265921081157392,4.9860202717011,4.80689561094721,9.41401716596252,3,6.38420686199894
vru,BR,2.34476559299247,0.125054164959599,9.20566406361248,9.43377306442039,4.433,4.04000663556329
vru,BR,3.55940574631548,0.189834973136825,6.17616251798114,9.43815465512497,3.46700000000001,5.30676637424661
RB,vru,0.226588495215376,4.24853428528829,3.13380223823606,9.44418095276905,3.33400000000001,5.36058636986641
vru,BR,3.28079513275576,0.174975740413641,6.69726975662003,9.4507648955117,3.467,9.85955283026695
RT,vru,0.159608467487062,2.9926587653824,5.3401238886172,9.4839688970472,3.40099999999999,3.26440579835862
vru,BR,2.97110119410745,0.158458730352397,7.33524615214076,9.49012486045205,3.4,3.86388464270035
BR,vru,0.0232820676472071,0.436538768385134,8.24922087882933,9.49308903236406,4.16666666666667,7.30844717402155
BR,vru,0.274839867240941,5.15324751076764,4.71379204547656,9.49601001527645,5.26699999999999,7.54888401358475
vru,BR,3.70937630943497,0.197833403169865,6.73188682964655,9.50162212209617,6.4,3.88062676538137
BR,vru,0.219987444355534,4.12476458166627,5.04424660023339,9.52891564041385,4.26700000000001,4.15591895410795
RT,vru,0.240687247117004,4.51288588344382,3.9454030817477,9.52948102360181,3.93299999999999,4.11942764442166
BR,vru,0.0896703339025351,1.68131876067253,9.50315741618091,9.5310457811041,5.83333333333333,7.42271118044325
BR,vru,0.276149886280825,5.17781036776547,3.61376426613173,9.54255767110895,3.066,7.98709036619625
BT,vru,0.185514261639096,3.47839240573306,6.18635878824557,9.55774975878395,2.866,3.12338574631455
vru,BR,1.09091662835749,0.058182220179066,5.93819706678891,9.57447620791661,7.5,9.63467979147515
BR,vru,0.281372147989431,5.27572777480183,4.16839977821211,9.57834395065689,2.66599999999999,5.70833404359186
vru,BR,1.9922516454616,0.106253421091285,9.36311318796501,9.58939608474252,2.467,3.19308863129401
vru,BR,2.36819403252603,0.126303681734722,8.37270086544151,9.59645938853032,5,3.35542504579212
vru,BR,1.39590008614818,0.0744480045945694,7.7937377644567,9.60357461402459,7.468,4.6163626876422
vru,BR,2.20804947337981,0.117762638580257,8.12722107382852,9.6248482946487,5.8,4.13702649817124
vru,BR,3.47287885400746,0.185220205547065,7.46176899269994,9.63273740735771,4.268,8.87516012602581
RB,vru,0.218441626918186,4.095780504716,3.8088150780093,9.63353194563595,2.6,2.80137284048663
BR,vru,0.128548390874354,2.41028232889414,9.82364918829809,9.64473213455339,6.33299999999999,6.16274557224768
BR,vru,0.255235282541223,4.78566154764794,2.10034730654492,9.67352124714155,2.53399999999998,8.97817771990557
BR,vru,0.152699215127107,2.86311028363326,5.36718504664687,9.67386101390641,5.06699999999999,4.18279034580906
vru,BR,3.68089682223973,0.196314497186119,5.59863881410574,9.67542342077731,4.27666666666664,8.29577252528293
vru,BR,3.74103582794479,0.199521910823722,4.36054257424213,9.6778032967447,4.05666666666666,6.54772443802019
vru,BR,3.6284763590573,0.193518739149722,6.85925794144222,9.67811058178663,3.46700000000001,4.1538714297702
BR,vru,0.21372744301956,4.00738955661675,4.22586991014151,9.68132889796228,3.20099999999999,4.15252023932441
vru,BR,4.67013565896776,0.249073901811614,7.83421943938074,9.6996250352222,3,7.32454487976552
BR,vru,0.170535139859554,3.19753387236664,8.63523511559071,9.70095089963284,5.73300000000002,3.79135470294406
RB,vru,0.041565568417882,0.779354407835288,9.70151224846563,9.71356986374544,7.068,6.5089119428602
BR,vru,0.202670435767518,3.80007067064095,7.25298746533295,9.72263188162093,3.4,5.62446540811906
vru,BR,3.92191074593377,0.209168573116468,2.64227722712697,9.73422597568409,6.00099999999999,4.59659506180698
BR,vru,0.228060984666939,4.27614346250511,7.45466760324842,9.73614719808509,4.2,5.96777574791697
TR,vru,0.234036344673696,4.38818146263179,7.5238024894173,9.75216433724922,3.20099999999999,4.91119712758693
BR,vru,0.201937351904639,3.78632534821199,7.60131779080404,9.75431612085028,8.73399999999995,3.13279818049515
vru,BR,3.89451513507209,0.207707473870512,6.97409131458362,9.75448688059075,2.66599999999999,4.91906186176306
BR,vru,0.216740152924757,4.06387786733918,8.16213693694404,9.75631511841588,5.93399999999998,5.32956609676591
vru,BR,1.73017942990141,0.0922762362614087,6.93352011480365,9.75757348017114,6.33299999999999,3.87382751715946
vru,BR,1.41088695066489,0.0752473040354606,7.82866994654295,9.76013824883301,8.53499999999999,4.90798808054116
BR,vru,0.267627259766982,5.01801112063092,4.94303560403358,9.76642336149931,3.93299999999999,4.30239207572902
vru,BR,4.17459246461608,0.222644931446191,6.31849838963037,9.80878098129739,5.934,5.60553760825502
BR,vru,0.0700069210211299,1.31262976914619,9.25428108978078,9.81445000016732,6.11000000000004,7.19748640307682
vru,BR,6.01069898210322,0.320570612378838,4.22648659290372,9.82303014428506,2.867,5.75569714750253
BR,vru,0.0644580025387137,1.20858754760088,8.61311139843195,9.84025219866158,1.8,3.07848694444991
BR,vru,0.0386789947918944,0.72523115234802,9.07629207925953,9.86113340669537,5.06699999999999,8.15208416202607
vru,BR,3.32640874057156,0.177408466163817,8.09868461369377,9.86200476140007,6,4.29978105457448
LR,vru,0.150271212693205,2.81758523799759,6.25992460937322,9.87779564148488,9,9.3226765843122
BR,vru,0.260151002541602,4.87783129765505,7.16442568091866,9.88239025611291,4.66699999999998,6.20399710763395
vru,LR,2.1876732417448,0.11667590622639,8.52526236992475,9.8859240089327,5.933,4.23437561609583
BR,vru,0.289615927195868,5.43029863492252,5.21692102806121,9.88918906239394,2.4,5.82166277387012
vru,BR,3.70573067901751,0.197638969547601,7.94830007387922,9.90691592671821,3.83333333333333,8.705212545279
RT,vru,0.166344758831995,3.1189642280999,5.93218539699764,9.91116743478971,4.866,3.63354415422948
BR,vru,0.148916665508838,2.79218747829072,6.57665216349011,9.92232806537113,6.33333333333333,5.11794739327274
BR,vru,0.126234982872144,2.3669059288527,8.1118780697826,9.92591454521901,5.06700000000001,4.78297926688747
vru,BR,1.1627062053885,0.0620109976207198,9.41917430321617,9.92669535312762,6.33333333333333,4.76566048848897
TB,vru,0.091652731047431,1.71848870713933,5.35850752240436,9.93949682338924,6.77833333333333,6.70810120143218
BR,vru,0.110041487643173,2.06327789330949,8.63483130864079,9.97245300405125,8.16666666666667,9.24002653107768
vru,BR,2.22004848714311,0.118402585980966,7.63681357369996,9.97724527183506,8.44666666666665,4.8135733592378
BR,vru,0.286247748664046,5.36714528745086,5.08715770831999,9.9796287336311,3.53299999999999,5.35392009517207
