"age_mean","dependence:-0.7","dependence:-0.4","dependence:-0.1","dependence:0.1","dependence:0.4","dependence:0.7"
"1",20,0.0246692366643503,0.0345033394496794,0.0522010841183501,0.0709028572198494,0.112753151560587,0.176318099168299
"2",21,0.0256399533303313,0.0358255055211453,0.0539824789524639,0.0736426068955547,0.116659480414309,0.181777041376269
"3",22,0.0265691217299132,0.0371916882960216,0.0558614645441016,0.0759456019281965,0.119807993110636,0.186995876276521
"4",23,0.0276937663698008,0.038512871518806,0.0583345035690933,0.0782396541015441,0.123579419264934,0.192324220213807
"5",24,0.0287188348908598,0.0401714459484614,0.0601767835688174,0.0812764938575556,0.127560241902352,0.197147088680125
"6",25,0.0300253970752113,0.0420333828559134,0.0626616097793174,0.0841699484426662,0.131379534906521,0.203319569213924
"7",26,0.0311857273223914,0.0433145204740514,0.0650384985926986,0.0870748434280322,0.136195106928506,0.209609844223108
"8",27,0.0324374533929133,0.0450244739762262,0.0673875101457088,0.0902378318018826,0.140661142696309,0.214439412677537
"9",28,0.0336495577036183,0.0468081819163679,0.069737508377269,0.0934496903458982,0.144772961924057,0.221001695838746
"10",29,0.0352234586476271,0.04867688578463,0.0726054354227801,0.0968560046435142,0.149547748846502,0.228497309456635
"11",30,0.0366636336891719,0.0506020591458421,0.075349117768593,0.100166494434747,0.154036453481565,0.234862168156341
"12",31,0.0380463290142304,0.0526241796056838,0.078115214174973,0.103880091286887,0.159503157818476,0.241636984716399
"13",32,0.0393333260398643,0.0546623830518384,0.0811173641256007,0.107408497330629,0.164174945418773,0.248189655911557
"14",33,0.0411058879619249,0.0568373319336562,0.083956264377369,0.111246888429585,0.169382085836236,0.253859503293256
"15",34,0.0429095478373919,0.059207671192446,0.0869019007937263,0.114962959761841,0.175578750383648,0.262380894694826
"16",35,0.0444799369102618,0.0614280976288528,0.0902969182912477,0.118582390806574,0.180048079388833,0.269369562007695
"17",36,0.0463761601913274,0.0631342154892,0.0936797578933254,0.122853916998909,0.185620646503147,0.27673193364234
"18",37,0.0482813178938443,0.0661628828392116,0.0968654850159367,0.128064491908498,0.191457259670184,0.284404548665666
"19",38,0.0498222488637595,0.0689925673375799,0.100416131401755,0.131858362655476,0.197366540461052,0.291750045658604
"20",39,0.0520372428308227,0.0712118997188833,0.104190333286104,0.135727536075061,0.202799796806525,0.29954776619271
"21",40,0.0542368618104791,0.0746131995636204,0.108328330798054,0.14150142563642,0.209393333456563,0.307074220839615
"22",41,0.056388543051744,0.077062199380109,0.111044345651697,0.145129129619829,0.215444322155618,0.314696507682631
"23",42,0.0586827944378532,0.0804492940319463,0.115647074008327,0.149803287463843,0.221658898937115,0.322575541449752
"24",43,0.0609605817693774,0.0828912314094574,0.119794570935248,0.154951476745372,0.22814733402807,0.330347209405601
"25",44,0.063858510860472,0.0860421862239734,0.124057553062692,0.159750270752108,0.23472283921423,0.339186370651938
"26",45,0.0659661009608037,0.0894801510525677,0.128115359834255,0.165132746746647,0.240823706762638,0.34718842966173
"27",46,0.0684082376395333,0.0920122528278118,0.132640813838386,0.170281017984961,0.24795385863331,0.355384048398488
"28",47,0.0712128125828677,0.0963014093195811,0.137317263773827,0.175723514861267,0.256266770857621,0.363991518014816
"29",48,0.0738952965790991,0.099686039489557,0.141895903431118,0.181315825078644,0.261754329922797,0.372506475607366
"30",49,0.0767448684244355,0.103352436344786,0.146467159723797,0.187083375274033,0.269406848464319,0.382057647852077
"31",50,0.0796049995663642,0.107032184467688,0.151452182075237,0.193520051570087,0.276544936568117,0.390194113264122
"32",51,0.0829157185649147,0.111482130395271,0.156636163673466,0.199281224611131,0.284063972257816,0.398340113695257
"33",52,0.0858889224198317,0.115875606787507,0.161808486108718,0.205140725301906,0.291192965601246,0.407858428034319
"34",53,0.0892554098455442,0.119136591215036,0.167294238353176,0.211164105796598,0.298764676238383,0.414870287985774
"35",54,0.092888421013006,0.123566634965636,0.172877294831408,0.217956849334893,0.306974375061888,0.424740895546881
"36",55,0.0962853344864808,0.129090163399539,0.178657237599026,0.224285090686862,0.313491205805117,0.43348662808199
"37",56,0.0996399960400015,0.133179474212515,0.183991718903975,0.230295222982339,0.322024277631904,0.44297748218153
"38",57,0.103880616378171,0.137281469404343,0.190225726080683,0.237005511401133,0.329888073717388,0.451876280719756
"39",58,0.107894876058248,0.142123567705919,0.194985092975821,0.244184797700137,0.337415012226999,0.460649710141314
"40",59,0.110701850814685,0.146969982266314,0.201614684041813,0.250683981450586,0.346803885451605,0.469674462781711
"41",60,0.11554092184372,0.1521412894954,0.207830991609056,0.257493064584968,0.35476761421838,0.478984791387645
