"age_mean","dependence:1","dependence:1.2","dependence:1.4","dependence:1.6"
"1",20,0.0607768964400735,0.136807182892145,0.178852674351638,0.205047082047983
"2",21,0.0630072526204559,0.140851921386566,0.18428495132915,0.209865671564517
"3",22,0.0650890408459308,0.144768405343735,0.189200847527084,0.216828773726853
"4",23,0.0675838783009939,0.148670167228077,0.196314043358606,0.221563471442331
"5",24,0.0700129340164729,0.153549973886896,0.19976110019011,0.228370741293028
"6",25,0.0726298180792119,0.15832244428925,0.205455244905413,0.234457799711161
"7",26,0.0752467533452037,0.162867119405155,0.211158460758657,0.240672002545692
"8",27,0.0784812147834207,0.167717108451922,0.21767916598355,0.247332114785691
"9",28,0.0806274118348036,0.172151119182692,0.223518300631546,0.25464239149656
"10",29,0.0836755287168586,0.178372137267966,0.229083934849942,0.260958689224198
"11",30,0.0867475565219567,0.182882326627191,0.236173256018059,0.268325492649744
"12",31,0.089942494646701,0.188076449126254,0.2425965160261,0.275215088900133
"13",32,0.0930719888788662,0.193524629982531,0.249555061742634,0.28265386673134
"14",33,0.0963047184220104,0.199252784672769,0.255272210165758,0.290259423601197
"15",34,0.0992384137710642,0.204997823941325,0.263567905986264,0.297813138566556
"16",35,0.103510381099973,0.210719420043978,0.270638160477853,0.306384903947
"17",36,0.106727669697285,0.216155982390574,0.277155736652637,0.313360927731396
"18",37,0.110858022758032,0.222945746722789,0.284228293100492,0.321420100649088
"19",38,0.114661756572477,0.22784374934915,0.291555400482874,0.328916311161238
"20",39,0.118777759748832,0.233038424965682,0.298794578221956,0.336868747975864
"21",40,0.123032726743306,0.241194049603049,0.306319004381012,0.345169042392988
"22",41,0.127290076132309,0.247852888919899,0.313108825002978,0.353718069566212
"23",42,0.131634780117996,0.254128587105879,0.321337504035623,0.362370927684688
"24",43,0.135112663937049,0.260652529047394,0.32970811188932,0.36932348705134
"25",44,0.140652686235436,0.267598747643796,0.337545116359634,0.379150941915626
"26",45,0.145658800218549,0.274000746285199,0.345247148132327,0.387535166818653
"27",46,0.150445498287084,0.281144615109508,0.352780442482141,0.395304571160729
"28",47,0.15544821662759,0.287811604944485,0.36109917102738,0.4043108986909
"29",48,0.160644365156976,0.295052035876096,0.36837206209555,0.41388867285042
"30",49,0.165132856082322,0.302482545014073,0.377435269901715,0.421904084678004
"31",50,0.171467564427947,0.309707085557776,0.385779387139833,0.429912443243347
"32",51,0.176265901674343,0.317205088287307,0.394059325339143,0.439517578482242
"33",52,0.181977661050803,0.324233925231912,0.402128589200253,0.448389021258113
"34",53,0.187818480762941,0.332172975625364,0.410388791424457,0.456750024916941
"35",54,0.193913450554442,0.340010899045217,0.419502838890778,0.464069270844514
"36",55,0.199782244548131,0.347767899134522,0.427760909789991,0.475222102025186
"37",56,0.205808050328825,0.35505636972709,0.436326878566168,0.483748217821297
"38",57,0.211486025630838,0.363067403777578,0.445303029315133,0.492999218159264
"39",58,0.218654400341134,0.371366351025464,0.453182551344997,0.501656959820534
"40",59,0.225063677003976,0.377862632451087,0.462127617301951,0.511272213378389
"41",60,0.231965250796739,0.386793262725582,0.470606510337816,0.519844886871418
