"age_mean","dependence param(s):0.05","dependence param(s):0.2","dependence param(s):0.45","dependence param(s):0.6","dependence param(s):0.85"
"1",20,0.0209327767369397,0.0388394202339619,0.126578705255351,0.167981782241314,0.211508839376213
"2",21,0.0210410345121589,0.0396424757511844,0.129881111707859,0.171558314751547,0.216360570385854
"3",22,0.0219210749627716,0.0404716596867118,0.13381790421229,0.175307196358945,0.220574496902971
"4",23,0.0226018672148365,0.0415346177985242,0.136213504126949,0.179751407026858,0.224152307610227
"5",24,0.0236114443668329,0.0429699528813541,0.138414812104266,0.182883695082868,0.228707993945871
"6",25,0.0242589142212033,0.0442842876718039,0.143426326753032,0.186249292052725,0.233051095311458
"7",26,0.0250821832943406,0.0449441493756554,0.144602125785289,0.190597957532629,0.238311578987805
"8",27,0.0256421676956668,0.0463397834712351,0.148825691878938,0.194923595684258,0.24413070275588
"9",28,0.0269624074897336,0.0482868261715598,0.152099059544854,0.1997883982108,0.249480380823703
"10",29,0.0278549691577906,0.0491109084685851,0.155790168786345,0.203611444814071,0.255734178070977
"11",30,0.0285319827804538,0.0504789626380966,0.159482625955892,0.208059569662457,0.260732686148229
"12",31,0.0298082696936025,0.0523297712314956,0.163026487313874,0.21344629526395,0.266440242920369
"13",32,0.0306696389892472,0.0534145153171216,0.167036342148504,0.217896705517186,0.272377800642498
"14",33,0.0312963662937417,0.0546782395013591,0.171101788445565,0.22393101691159,0.278189430977758
"15",34,0.032455653014569,0.0565460205990383,0.174577431304739,0.22877846659792,0.284390683915703
"16",35,0.0334226601340318,0.0584070440207587,0.17963264916258,0.234110894801765,0.289956336207978
"17",36,0.0343334227896175,0.0602056031218046,0.184789860030166,0.239499995695262,0.295441412468167
"18",37,0.0361742587834129,0.0615919565124801,0.188926346014839,0.245527477152409,0.30342280117725
"19",38,0.0363406837105223,0.0636726745366903,0.192430804765143,0.250405923820404,0.311057524958064
"20",39,0.037740983337314,0.065134425786691,0.196251444670681,0.255633333376442,0.315941323287805
"21",40,0.0393465937665106,0.0675196299922424,0.201911129562174,0.261148308557466,0.324123896407601
"22",41,0.0405540241922487,0.0690548736553895,0.207626871742616,0.267151970277291,0.329382964500933
"23",42,0.041788550612094,0.071025728923243,0.209679993680762,0.273281978415437,0.336416579011065
"24",43,0.0431585224524013,0.0725857302089069,0.215680566156326,0.279789081364237,0.343199064349444
"25",44,0.0450151741914029,0.0751347608112968,0.220751927897165,0.284213628311891,0.351555398553081
"26",45,0.0462995808535105,0.0771375711730802,0.225893652644779,0.291984442867194,0.358280988802619
"27",46,0.0476417416746477,0.0796852161574722,0.231071430174889,0.297674980597853,0.365325990223737
"28",47,0.0488175204266752,0.0822407869092973,0.236642952165996,0.303717716653744,0.373853516407157
"29",48,0.0507360111674004,0.0835639889913681,0.242271398788437,0.31037327182283,0.381469052147142
"30",49,0.052504070111551,0.0859471976158013,0.247102007385234,0.316055128649796,0.388733475942948
"31",50,0.0529993426631291,0.0878038649439228,0.252851890103935,0.3226679345352,0.391954561281322
"32",51,0.0563795809096392,0.0899608606564677,0.257664668408266,0.329489386604968,0.403625936602861
"33",52,0.0568663622204696,0.092862138369093,0.26344312171167,0.336782216737935,0.411631681221745
"34",53,0.059193039164519,0.095457386469325,0.268429899847168,0.34253835608082,0.41841658146835
"35",54,0.0606960473232429,0.0981960572351763,0.275017007251793,0.350063930719815,0.425487097362102
"36",55,0.0622696865802004,0.100474871995472,0.280487079598242,0.355956928076977,0.430974562479853
"37",56,0.0638460947537315,0.103353940559358,0.287184790759956,0.363397152264739,0.441590180871043
"38",57,0.0664339444178599,0.105146979669426,0.292787939098795,0.370991505815058,0.448898229530867
"39",58,0.0680844969952386,0.108215012974158,0.297904451514423,0.378048267956553,0.456215056201809
"40",59,0.0704891418631797,0.111211189300535,0.304013939208829,0.384031866101668,0.46317811183112
"41",60,0.072464651048529,0.114644343425515,0.310034776226062,0.387748440016794,0.47240875665742
