"age_mean","dependence:-0.6","dependence:-0.3","dependence:-0.05","dependence:0.1","dependence:1","dependence:2.5"
"1",20,0.0412847652644925,0.0523672809535878,0.0595436742445439,0.063409142677967,0.081072297572222,0.101231345028592
"2",21,0.0427576552498288,0.0541760616789164,0.0616903344947762,0.06617048618448,0.0840134896855529,0.104374194426899
"3",22,0.0442110008757631,0.0561753575013162,0.0637984725072283,0.0678097396202043,0.086824825509242,0.108021131228974
"4",23,0.0459209759167222,0.058065921599466,0.0662162787768194,0.0702861726495932,0.0899191191350638,0.111341925977823
"5",24,0.0473165040134552,0.060346481429471,0.0686555410297596,0.0729167050847999,0.0929300564656886,0.115503914751066
"6",25,0.0494369904056646,0.0626246004839904,0.0710675581387609,0.0754123772972239,0.0968165646016476,0.119816762038642
"7",26,0.0511807186154358,0.0647875598979484,0.0730860984345529,0.0783465970890913,0.100083847069448,0.123033765806011
"8",27,0.0532227137784486,0.0670663670660725,0.0762610879849152,0.0810239654218066,0.103168142481852,0.12743969795998
"9",28,0.0551321605987628,0.0695504872098953,0.0791761300677611,0.0838878189432705,0.10635580683932,0.131915074709441
"10",29,0.0569752558061004,0.0716493760428927,0.0819912220524888,0.0869549102705211,0.110298871639138,0.136920875462548
"11",30,0.0594290942300879,0.0749318817038266,0.0850205350653351,0.0900280068596576,0.114287440764981,0.140643317742328
"12",31,0.0615054413848784,0.0779159358688889,0.0880738990422212,0.093351533334989,0.118098474546972,0.145649214042723
"13",32,0.063971218675292,0.0804463850461216,0.0914318393512966,0.0966778239407626,0.122250820636681,0.150450067511505
"14",33,0.0664607571095331,0.0834179061114196,0.0943325365600072,0.100224320037477,0.126469211395248,0.155246901408009
"15",34,0.0690250641706864,0.0866570538581786,0.0978616882646284,0.104207956257489,0.13120489473399,0.158822201084057
"16",35,0.0716640922582709,0.0897874182940224,0.100917217925741,0.107476712877371,0.135523635864931,0.165787242965285
"17",36,0.0742201104763567,0.0927775660738461,0.105020942530087,0.111439474540455,0.140021972721344,0.171124728783538
"18",37,0.0768897450706325,0.0963212374143368,0.108880155429599,0.115201487840737,0.145616398557847,0.176864989174328
"19",38,0.0796984113491786,0.100112974613353,0.112311916418748,0.119547842073698,0.149915429318086,0.182045505689691
"20",39,0.0824802126795007,0.103511042316607,0.116382665206531,0.123392014123455,0.154413797453247,0.188156700873968
"21",40,0.0852832936862976,0.106879056101299,0.120550822913541,0.127507975444912,0.159733702168548,0.194364018588206
"22",41,0.089154723366386,0.110666003739867,0.124832601322377,0.132123757037622,0.164998883516819,0.200202214126305
"23",42,0.0920333156991727,0.114788279300501,0.129095987918661,0.136430887296779,0.17029490037232,0.206720841624194
"24",43,0.0945597925553347,0.118511040505063,0.133432273543131,0.141525530320935,0.176281964262727,0.212349119984864
"25",44,0.0989473518186098,0.122575756628152,0.137763819575705,0.14623253136937,0.181432924700792,0.218665050391329
"26",45,0.102478782347712,0.126836561554185,0.142599551024445,0.151135346730746,0.18730368276742,0.225140737096001
"27",46,0.105954295081109,0.131428320491071,0.147330806974328,0.155332468982792,0.193145484621586,0.233391697043102
"28",47,0.109672941851637,0.135494959983785,0.152382657395589,0.160854214271748,0.19935039401294,0.239402518173186
"29",48,0.113596743906031,0.140390888981906,0.157326198861676,0.166019585454191,0.205492141851899,0.246907204496741
"30",49,0.117512814577829,0.14472360402736,0.162544350955061,0.171447839599752,0.211713057079131,0.253659111004148
"31",50,0.121589524986623,0.149905026706181,0.167412964715573,0.177059610017228,0.217781958346132,0.26178176641453
"32",51,0.125875731149871,0.155189464985254,0.173157833166251,0.181723359642031,0.225534625131738,0.268712710399447
"33",52,0.130244174368359,0.158726886991065,0.178894345979782,0.188788956416812,0.231087465843285,0.275879839027361
"34",53,0.134415008670691,0.165266672230198,0.183699688977885,0.194349013536457,0.238154774909605,0.283568515518032
"35",54,0.139248581678262,0.17095556894722,0.190139747107646,0.200187984699063,0.244643952872159,0.291371787108348
"36",55,0.144210674360477,0.175889891940669,0.195858441494771,0.206913570392482,0.252648575611659,0.299073337045655
"37",56,0.148839615994944,0.181533193734983,0.202757819967162,0.212781943198728,0.258803198269651,0.307096599296043
"38",57,0.153332442941267,0.187207807992747,0.208288749584302,0.21917505853524,0.266700032992897,0.315403944490967
"39",58,0.158954934730634,0.193469410127177,0.214610469137451,0.225623168451498,0.273673819766289,0.323244496947159
"40",59,0.163860279327513,0.199451430296792,0.221123695613145,0.23219546554199,0.281763608326318,0.331709596437375
"41",60,0.169177533878899,0.205205908058984,0.228065969257723,0.238908358563134,0.28832385031541,0.340318183367064
